Country,CountryCode,SDG,Year,Value_2_cal
Afghanistan,AFG,15_1_1,2000,2.067824648
Afghanistan,AFG,15_1_1,2001,2.067824648
Afghanistan,AFG,15_1_1,2002,2.067824648
Afghanistan,AFG,15_1_1,2003,2.067824648
Afghanistan,AFG,15_1_1,2004,2.067824648
Afghanistan,AFG,15_1_1,2005,2.067824648
Afghanistan,AFG,15_1_1,2006,2.067824648
Afghanistan,AFG,15_1_1,2007,2.067824648
Afghanistan,AFG,15_1_1,2008,2.067824648
Afghanistan,AFG,15_1_1,2009,2.067824648
Afghanistan,AFG,15_1_1,2010,2.067824648
Afghanistan,AFG,15_1_1,2011,2.067824648
Afghanistan,AFG,15_1_1,2012,2.067824648
Afghanistan,AFG,15_1_1,2013,2.067824648
Afghanistan,AFG,15_1_1,2014,2.067824648
Afghanistan,AFG,15_1_1,2015,2.067824648
Afghanistan,AFG,15_1_1,2016,2.067824648
Afghanistan,AFG,15_1_1,2017,2.067824648
Afghanistan,AFG,15_1_1,2018,2.067824648
Afghanistan,AFG,15_1_2_1,2000,0.11304
Afghanistan,AFG,15_1_2_1,2001,0.11304
Afghanistan,AFG,15_1_2_1,2002,0.11304
Afghanistan,AFG,15_1_2_1,2003,0.11304
Afghanistan,AFG,15_1_2_1,2004,0.11304
Afghanistan,AFG,15_1_2_1,2005,0.11304
Afghanistan,AFG,15_1_2_1,2006,0.11304
Afghanistan,AFG,15_1_2_1,2007,0.11304
Afghanistan,AFG,15_1_2_1,2008,0.11304
Afghanistan,AFG,15_1_2_1,2009,0.11304
Afghanistan,AFG,15_1_2_1,2010,0.11304
Afghanistan,AFG,15_1_2_1,2011,0.11304
Afghanistan,AFG,15_1_2_1,2012,0.11304
Afghanistan,AFG,15_1_2_1,2013,0.11304
Afghanistan,AFG,15_1_2_1,2014,0.11304
Afghanistan,AFG,15_1_2_1,2015,0.11304
Afghanistan,AFG,15_1_2_1,2016,0.11304
Afghanistan,AFG,15_1_2_1,2017,0.11304
Afghanistan,AFG,15_1_2_1,2018,0.11304
Afghanistan,AFG,15_1_2_2,2000,0.04239
Afghanistan,AFG,15_1_2_2,2001,0.04239
Afghanistan,AFG,15_1_2_2,2002,0.04239
Afghanistan,AFG,15_1_2_2,2003,0.04239
Afghanistan,AFG,15_1_2_2,2004,0.04239
Afghanistan,AFG,15_1_2_2,2005,0.04239
Afghanistan,AFG,15_1_2_2,2006,0.04239
Afghanistan,AFG,15_1_2_2,2007,0.04239
Afghanistan,AFG,15_1_2_2,2008,0.04239
Afghanistan,AFG,15_1_2_2,2009,6.14129
Afghanistan,AFG,15_1_2_2,2010,6.14129
Afghanistan,AFG,15_1_2_2,2011,6.14129
Afghanistan,AFG,15_1_2_2,2012,6.14129
Afghanistan,AFG,15_1_2_2,2013,6.14129
Afghanistan,AFG,15_1_2_2,2014,6.14129
Afghanistan,AFG,15_1_2_2,2015,6.14129
Afghanistan,AFG,15_1_2_2,2016,6.14129
Afghanistan,AFG,15_1_2_2,2017,6.14129
Afghanistan,AFG,15_1_2_2,2018,6.14129
Afghanistan,AFG,15_2_1_1,2000,0
Afghanistan,AFG,15_2_1_1,2001,0
Afghanistan,AFG,15_2_1_1,2002,0
Afghanistan,AFG,15_2_1_1,2003,0
Afghanistan,AFG,15_2_1_1,2004,0
Afghanistan,AFG,15_2_1_1,2005,0
Afghanistan,AFG,15_2_1_1,2006,0
Afghanistan,AFG,15_2_1_1,2007,0
Afghanistan,AFG,15_2_1_1,2008,0
Afghanistan,AFG,15_2_1_1,2009,0
Afghanistan,AFG,15_2_1_1,2010,0
Afghanistan,AFG,15_2_1_1,2011,0
Afghanistan,AFG,15_2_1_1,2012,0
Afghanistan,AFG,15_2_1_1,2013,0
Afghanistan,AFG,15_2_1_1,2014,0
Afghanistan,AFG,15_2_1_1,2015,0
Afghanistan,AFG,15_2_1_1,2016,0
Afghanistan,AFG,15_2_1_1,2017,0
Afghanistan,AFG,15_2_1_1,2018,0
Afghanistan,AFG,15_2_1_2,2000,0
Afghanistan,AFG,15_2_1_2,2001,0
Afghanistan,AFG,15_2_1_2,2002,0
Afghanistan,AFG,15_2_1_2,2003,0
Afghanistan,AFG,15_2_1_2,2004,0
Afghanistan,AFG,15_2_1_2,2005,0
Afghanistan,AFG,15_2_1_2,2006,0
Afghanistan,AFG,15_2_1_2,2007,0
Afghanistan,AFG,15_2_1_2,2008,0
Afghanistan,AFG,15_2_1_2,2009,0
Afghanistan,AFG,15_2_1_2,2010,0
Afghanistan,AFG,15_2_1_2,2011,0
Afghanistan,AFG,15_2_1_2,2012,0
Afghanistan,AFG,15_2_1_2,2013,0
Afghanistan,AFG,15_2_1_2,2014,0
Afghanistan,AFG,15_2_1_2,2015,0
Afghanistan,AFG,15_2_1_2,2016,0
Afghanistan,AFG,15_2_1_2,2017,0
Afghanistan,AFG,15_2_1_2,2018,0
Afghanistan,AFG,15_4_1,2000,0
Afghanistan,AFG,15_4_1,2001,0
Afghanistan,AFG,15_4_1,2002,0
Afghanistan,AFG,15_4_1,2003,0
Afghanistan,AFG,15_4_1,2004,0
Afghanistan,AFG,15_4_1,2005,0
Afghanistan,AFG,15_4_1,2006,0
Afghanistan,AFG,15_4_1,2007,0
Afghanistan,AFG,15_4_1,2008,0
Afghanistan,AFG,15_4_1,2009,7.50651
Afghanistan,AFG,15_4_1,2010,7.50651
Afghanistan,AFG,15_4_1,2011,7.50651
Afghanistan,AFG,15_4_1,2012,7.50651
Afghanistan,AFG,15_4_1,2013,7.50651
Afghanistan,AFG,15_4_1,2014,7.50651
Afghanistan,AFG,15_4_1,2015,7.50651
Afghanistan,AFG,15_4_1,2016,7.50651
Afghanistan,AFG,15_4_1,2017,7.50651
Afghanistan,AFG,15_4_1,2018,7.50651
Afghanistan,AFG,15_4_1,2019,7.50651
Afghanistan,AFG,15_5_1,2000,83.905
Afghanistan,AFG,15_5_1,2001,83.878
Afghanistan,AFG,15_5_1,2002,83.848
Afghanistan,AFG,15_5_1,2003,83.822
Afghanistan,AFG,15_5_1,2004,83.811
Afghanistan,AFG,15_5_1,2005,83.799
Afghanistan,AFG,15_5_1,2006,83.791
Afghanistan,AFG,15_5_1,2007,83.8
Afghanistan,AFG,15_5_1,2008,83.795
Afghanistan,AFG,15_5_1,2009,83.791
Afghanistan,AFG,15_5_1,2010,83.786
Afghanistan,AFG,15_5_1,2011,83.779
Afghanistan,AFG,15_5_1,2012,83.772
Afghanistan,AFG,15_5_1,2013,83.766
Afghanistan,AFG,15_5_1,2014,83.759
Afghanistan,AFG,15_5_1,2015,83.751
Afghanistan,AFG,15_5_1,2016,83.744
Afghanistan,AFG,15_5_1,2017,83.734
Afghanistan,AFG,15_5_1,2018,83.731
Afghanistan,AFG,15_5_1,2019,83.724
Afghanistan,AFG,15_6_1_1,2000,0
Afghanistan,AFG,15_6_1_1,2001,0
Afghanistan,AFG,15_6_1_1,2002,0
Afghanistan,AFG,15_6_1_1,2003,0
Afghanistan,AFG,15_6_1_1,2004,0
Afghanistan,AFG,15_6_1_1,2005,0
Afghanistan,AFG,15_6_1_1,2006,0
Afghanistan,AFG,15_6_1_1,2007,0
Afghanistan,AFG,15_6_1_1,2008,0
Afghanistan,AFG,15_6_1_1,2009,0
Afghanistan,AFG,15_6_1_1,2010,0
Afghanistan,AFG,15_6_1_1,2011,0
Afghanistan,AFG,15_6_1_1,2012,100
Afghanistan,AFG,15_6_1_1,2013,100
Afghanistan,AFG,15_6_1_1,2014,100
Afghanistan,AFG,15_6_1_1,2015,100
Afghanistan,AFG,15_6_1_1,2016,100
Afghanistan,AFG,15_6_1_1,2017,100
Afghanistan,AFG,15_6_1_1,2018,100
Afghanistan,AFG,15_6_1_1,2019,100
Afghanistan,AFG,15_6_1_2,2000,0
Afghanistan,AFG,15_6_1_2,2001,0
Afghanistan,AFG,15_6_1_2,2002,0
Afghanistan,AFG,15_6_1_2,2003,0
Afghanistan,AFG,15_6_1_2,2004,0
Afghanistan,AFG,15_6_1_2,2005,0
Afghanistan,AFG,15_6_1_2,2006,0
Afghanistan,AFG,15_6_1_2,2007,0
Afghanistan,AFG,15_6_1_2,2008,0
Afghanistan,AFG,15_6_1_2,2009,0
Afghanistan,AFG,15_6_1_2,2010,0
Afghanistan,AFG,15_6_1_2,2011,0
Afghanistan,AFG,15_6_1_2,2012,0
Afghanistan,AFG,15_6_1_2,2013,0
Afghanistan,AFG,15_6_1_2,2014,0
Afghanistan,AFG,15_6_1_2,2015,0
Afghanistan,AFG,15_6_1_2,2016,0
Afghanistan,AFG,15_6_1_2,2017,0
Afghanistan,AFG,15_6_1_2,2018,0
Afghanistan,AFG,15_6_1_2,2019,0
Afghanistan,AFG,15_6_1_3,2000,0
Afghanistan,AFG,15_6_1_3,2001,0
Afghanistan,AFG,15_6_1_3,2002,0
Afghanistan,AFG,15_6_1_3,2003,0
Afghanistan,AFG,15_6_1_3,2004,0
Afghanistan,AFG,15_6_1_3,2005,0
Afghanistan,AFG,15_6_1_3,2006,0
Afghanistan,AFG,15_6_1_3,2007,0
Afghanistan,AFG,15_6_1_3,2008,0
Afghanistan,AFG,15_6_1_3,2009,0
Afghanistan,AFG,15_6_1_3,2010,0
Afghanistan,AFG,15_6_1_3,2011,0
Afghanistan,AFG,15_6_1_3,2012,0
Afghanistan,AFG,15_6_1_3,2013,0
Afghanistan,AFG,15_6_1_3,2014,0
Afghanistan,AFG,15_6_1_3,2015,0
Afghanistan,AFG,15_6_1_3,2016,0
Afghanistan,AFG,15_6_1_3,2017,0
Afghanistan,AFG,15_6_1_3,2018,0
Afghanistan,AFG,15_6_1_3,2019,0
Afghanistan,AFG,15_6_1_4,2000,0
Afghanistan,AFG,15_6_1_4,2001,0
Afghanistan,AFG,15_6_1_4,2002,0
Afghanistan,AFG,15_6_1_4,2003,0
Afghanistan,AFG,15_6_1_4,2004,0
Afghanistan,AFG,15_6_1_4,2005,0
Afghanistan,AFG,15_6_1_4,2006,0
Afghanistan,AFG,15_6_1_4,2007,0
Afghanistan,AFG,15_6_1_4,2008,0
Afghanistan,AFG,15_6_1_4,2009,0
Afghanistan,AFG,15_6_1_4,2010,0
Afghanistan,AFG,15_6_1_4,2011,0
Afghanistan,AFG,15_6_1_4,2012,0
Afghanistan,AFG,15_6_1_4,2013,0
Afghanistan,AFG,15_6_1_4,2014,0
Afghanistan,AFG,15_6_1_4,2015,0
Afghanistan,AFG,15_6_1_4,2016,0
Afghanistan,AFG,15_6_1_4,2017,0
Afghanistan,AFG,15_6_1_4,2018,0
Afghanistan,AFG,15_6_1_4,2019,0
Afghanistan,AFG,15_6_1_5,2000,0
Afghanistan,AFG,15_6_1_5,2001,0
Afghanistan,AFG,15_6_1_5,2002,0
Afghanistan,AFG,15_6_1_5,2003,0
Afghanistan,AFG,15_6_1_5,2004,0
Afghanistan,AFG,15_6_1_5,2005,0
Afghanistan,AFG,15_6_1_5,2006,0
Afghanistan,AFG,15_6_1_5,2007,0
Afghanistan,AFG,15_6_1_5,2008,0
Afghanistan,AFG,15_6_1_5,2009,0
Afghanistan,AFG,15_6_1_5,2010,0
Afghanistan,AFG,15_6_1_5,2011,0
Afghanistan,AFG,15_6_1_5,2012,0
Afghanistan,AFG,15_6_1_5,2013,0
Afghanistan,AFG,15_6_1_5,2014,0
Afghanistan,AFG,15_6_1_5,2015,0
Afghanistan,AFG,15_6_1_5,2016,0
Afghanistan,AFG,15_6_1_5,2017,0
Afghanistan,AFG,15_6_1_5,2018,0
Afghanistan,AFG,15_6_1_5,2019,0
Afghanistan,AFG,15_8_1,2000,0
Afghanistan,AFG,15_8_1,2001,0
Afghanistan,AFG,15_8_1,2002,0
Afghanistan,AFG,15_8_1,2003,0
Afghanistan,AFG,15_8_1,2004,0
Afghanistan,AFG,15_8_1,2005,0
Afghanistan,AFG,15_8_1,2006,0
Afghanistan,AFG,15_8_1,2007,0
Afghanistan,AFG,15_8_1,2008,0
Afghanistan,AFG,15_8_1,2009,0
Afghanistan,AFG,15_8_1,2010,0
Afghanistan,AFG,15_8_1,2011,0
Afghanistan,AFG,15_8_1,2012,0
Afghanistan,AFG,15_8_1,2013,0
Afghanistan,AFG,15_8_1,2014,0
Afghanistan,AFG,15_8_1,2015,0
Afghanistan,AFG,15_8_1,2016,100
Afghanistan,AFG,15_8_1,2017,100
Afghanistan,AFG,15_8_1,2018,100
Afghanistan,AFG,15_8_1,2019,100
Afghanistan,AFG,15_9_1,2000,0
Afghanistan,AFG,15_9_1,2001,0
Afghanistan,AFG,15_9_1,2002,0
Afghanistan,AFG,15_9_1,2003,0
Afghanistan,AFG,15_9_1,2004,0
Afghanistan,AFG,15_9_1,2005,0
Afghanistan,AFG,15_9_1,2006,0
Afghanistan,AFG,15_9_1,2007,0
Afghanistan,AFG,15_9_1,2008,0
Afghanistan,AFG,15_9_1,2009,0
Afghanistan,AFG,15_9_1,2010,0
Afghanistan,AFG,15_9_1,2011,0
Afghanistan,AFG,15_9_1,2012,0
Afghanistan,AFG,15_9_1,2013,0
Afghanistan,AFG,15_9_1,2014,100
Afghanistan,AFG,15_9_1,2015,100
Afghanistan,AFG,15_9_1,2016,100
Afghanistan,AFG,15_9_1,2017,100
Afghanistan,AFG,15_9_1,2018,100
Afghanistan,AFG,15_9_1,2019,100
Armenia,ARM,15_1_1,2000,11.69652266
Armenia,ARM,15_1_1,2001,11.68949729
Armenia,ARM,15_1_1,2002,11.68247299
Armenia,ARM,15_1_1,2003,11.67544763
Armenia,ARM,15_1_1,2004,11.66842333
Armenia,ARM,15_1_1,2005,11.66139796
Armenia,ARM,15_1_1,2006,11.6543726
Armenia,ARM,15_1_1,2007,11.6473483
Armenia,ARM,15_1_1,2008,11.64032293
Armenia,ARM,15_1_1,2009,11.63329864
Armenia,ARM,15_1_1,2010,11.62627327
Armenia,ARM,15_1_1,2011,11.63329864
Armenia,ARM,15_1_1,2012,11.64032293
Armenia,ARM,15_1_1,2013,11.6473483
Armenia,ARM,15_1_1,2014,11.6543726
Armenia,ARM,15_1_1,2015,11.66139796
Armenia,ARM,15_1_1,2016,11.66842333
Armenia,ARM,15_1_1,2017,11.66842333
Armenia,ARM,15_1_1,2018,11.66842333
Armenia,ARM,15_1_2_1,2000,24.97328
Armenia,ARM,15_1_2_1,2001,24.97328
Armenia,ARM,15_1_2_1,2002,24.97328
Armenia,ARM,15_1_2_1,2003,24.97328
Armenia,ARM,15_1_2_1,2004,24.97328
Armenia,ARM,15_1_2_1,2005,24.97328
Armenia,ARM,15_1_2_1,2006,24.97328
Armenia,ARM,15_1_2_1,2007,24.97328
Armenia,ARM,15_1_2_1,2008,24.97328
Armenia,ARM,15_1_2_1,2009,26.79469
Armenia,ARM,15_1_2_1,2010,26.79469
Armenia,ARM,15_1_2_1,2011,26.79469
Armenia,ARM,15_1_2_1,2012,26.79469
Armenia,ARM,15_1_2_1,2013,26.79469
Armenia,ARM,15_1_2_1,2014,26.79469
Armenia,ARM,15_1_2_1,2015,26.79469
Armenia,ARM,15_1_2_1,2016,26.79469
Armenia,ARM,15_1_2_1,2017,26.79469
Armenia,ARM,15_1_2_1,2018,26.79469
Armenia,ARM,15_1_2_2,2000,12.53671
Armenia,ARM,15_1_2_2,2001,12.53671
Armenia,ARM,15_1_2_2,2002,15.01628
Armenia,ARM,15_1_2_2,2003,15.01628
Armenia,ARM,15_1_2_2,2004,15.01628
Armenia,ARM,15_1_2_2,2005,15.01628
Armenia,ARM,15_1_2_2,2006,15.01628
Armenia,ARM,15_1_2_2,2007,15.05002
Armenia,ARM,15_1_2_2,2008,15.05002
Armenia,ARM,15_1_2_2,2009,21.54746
Armenia,ARM,15_1_2_2,2010,21.54746
Armenia,ARM,15_1_2_2,2011,21.54746
Armenia,ARM,15_1_2_2,2012,21.54746
Armenia,ARM,15_1_2_2,2013,21.54746
Armenia,ARM,15_1_2_2,2014,21.54746
Armenia,ARM,15_1_2_2,2015,21.54746
Armenia,ARM,15_1_2_2,2016,21.54746
Armenia,ARM,15_1_2_2,2017,21.54746
Armenia,ARM,15_1_2_2,2018,21.54746
Armenia,ARM,15_2_1_1,2000,-0.06
Armenia,ARM,15_2_1_1,2001,-0.06
Armenia,ARM,15_2_1_1,2002,-0.06
Armenia,ARM,15_2_1_1,2003,-0.06
Armenia,ARM,15_2_1_1,2004,-0.06
Armenia,ARM,15_2_1_1,2005,-0.06
Armenia,ARM,15_2_1_1,2006,-0.0632
Armenia,ARM,15_2_1_1,2007,-0.0648
Armenia,ARM,15_2_1_1,2008,-0.0648
Armenia,ARM,15_2_1_1,2009,-0.0632
Armenia,ARM,15_2_1_1,2010,-0.06
Armenia,ARM,15_2_1_1,2011,-0.052
Armenia,ARM,15_2_1_1,2012,-0.036
Armenia,ARM,15_2_1_1,2013,-0.012
Armenia,ARM,15_2_1_1,2014,0.02
Armenia,ARM,15_2_1_1,2015,0.06
Armenia,ARM,15_2_1_1,2016,0.06
Armenia,ARM,15_2_1_1,2017,0.06
Armenia,ARM,15_2_1_1,2018,0.06
Armenia,ARM,15_2_1_2,2000,0
Armenia,ARM,15_2_1_2,2001,0
Armenia,ARM,15_2_1_2,2002,0
Armenia,ARM,15_2_1_2,2003,0
Armenia,ARM,15_2_1_2,2004,0
Armenia,ARM,15_2_1_2,2005,0
Armenia,ARM,15_2_1_2,2006,0
Armenia,ARM,15_2_1_2,2007,0
Armenia,ARM,15_2_1_2,2008,0
Armenia,ARM,15_2_1_2,2009,0
Armenia,ARM,15_2_1_2,2010,0
Armenia,ARM,15_2_1_2,2011,0
Armenia,ARM,15_2_1_2,2012,0
Armenia,ARM,15_2_1_2,2013,0
Armenia,ARM,15_2_1_2,2014,0
Armenia,ARM,15_2_1_2,2015,0
Armenia,ARM,15_2_1_2,2016,0
Armenia,ARM,15_2_1_2,2017,0
Armenia,ARM,15_2_1_2,2018,0
Armenia,ARM,15_4_1,2000,12.99464
Armenia,ARM,15_4_1,2001,12.99464
Armenia,ARM,15_4_1,2002,15.5663
Armenia,ARM,15_4_1,2003,15.5663
Armenia,ARM,15_4_1,2004,15.5663
Armenia,ARM,15_4_1,2005,15.5663
Armenia,ARM,15_4_1,2006,15.5663
Armenia,ARM,15_4_1,2007,15.60126
Armenia,ARM,15_4_1,2008,15.60126
Armenia,ARM,15_4_1,2009,22.34077
Armenia,ARM,15_4_1,2010,22.34077
Armenia,ARM,15_4_1,2011,22.34077
Armenia,ARM,15_4_1,2012,22.34077
Armenia,ARM,15_4_1,2013,22.34077
Armenia,ARM,15_4_1,2014,22.34077
Armenia,ARM,15_4_1,2015,22.34077
Armenia,ARM,15_4_1,2016,22.34077
Armenia,ARM,15_4_1,2017,22.34077
Armenia,ARM,15_4_1,2018,22.34077
Armenia,ARM,15_4_1,2019,22.34077
Armenia,ARM,15_5_1,2000,85.431
Armenia,ARM,15_5_1,2001,85.419
Armenia,ARM,15_5_1,2002,85.413
Armenia,ARM,15_5_1,2003,85.356
Armenia,ARM,15_5_1,2004,85.219
Armenia,ARM,15_5_1,2005,85.014
Armenia,ARM,15_5_1,2006,84.838
Armenia,ARM,15_5_1,2007,84.663
Armenia,ARM,15_5_1,2008,84.604
Armenia,ARM,15_5_1,2009,84.602
Armenia,ARM,15_5_1,2010,84.601
Armenia,ARM,15_5_1,2011,84.6
Armenia,ARM,15_5_1,2012,84.6
Armenia,ARM,15_5_1,2013,84.599
Armenia,ARM,15_5_1,2014,84.599
Armenia,ARM,15_5_1,2015,84.599
Armenia,ARM,15_5_1,2016,84.599
Armenia,ARM,15_5_1,2017,84.598
Armenia,ARM,15_5_1,2018,84.598
Armenia,ARM,15_5_1,2019,84.598
Armenia,ARM,15_6_1_1,2000,0
Armenia,ARM,15_6_1_1,2001,0
Armenia,ARM,15_6_1_1,2002,0
Armenia,ARM,15_6_1_1,2003,0
Armenia,ARM,15_6_1_1,2004,0
Armenia,ARM,15_6_1_1,2005,0
Armenia,ARM,15_6_1_1,2006,0
Armenia,ARM,15_6_1_1,2007,0
Armenia,ARM,15_6_1_1,2008,0
Armenia,ARM,15_6_1_1,2009,0
Armenia,ARM,15_6_1_1,2010,0
Armenia,ARM,15_6_1_1,2011,0
Armenia,ARM,15_6_1_1,2012,100
Armenia,ARM,15_6_1_1,2013,100
Armenia,ARM,15_6_1_1,2014,100
Armenia,ARM,15_6_1_1,2015,100
Armenia,ARM,15_6_1_1,2016,100
Armenia,ARM,15_6_1_1,2017,100
Armenia,ARM,15_6_1_1,2018,100
Armenia,ARM,15_6_1_1,2019,100
Armenia,ARM,15_6_1_2,2000,0
Armenia,ARM,15_6_1_2,2001,0
Armenia,ARM,15_6_1_2,2002,0
Armenia,ARM,15_6_1_2,2003,0
Armenia,ARM,15_6_1_2,2004,0
Armenia,ARM,15_6_1_2,2005,0
Armenia,ARM,15_6_1_2,2006,0
Armenia,ARM,15_6_1_2,2007,0
Armenia,ARM,15_6_1_2,2008,0
Armenia,ARM,15_6_1_2,2009,0
Armenia,ARM,15_6_1_2,2010,0
Armenia,ARM,15_6_1_2,2011,0
Armenia,ARM,15_6_1_2,2012,0
Armenia,ARM,15_6_1_2,2013,0
Armenia,ARM,15_6_1_2,2014,0
Armenia,ARM,15_6_1_2,2015,0
Armenia,ARM,15_6_1_2,2016,0
Armenia,ARM,15_6_1_2,2017,0
Armenia,ARM,15_6_1_2,2018,0
Armenia,ARM,15_6_1_2,2019,0
Armenia,ARM,15_6_1_3,2000,0
Armenia,ARM,15_6_1_3,2001,0
Armenia,ARM,15_6_1_3,2002,0
Armenia,ARM,15_6_1_3,2003,0
Armenia,ARM,15_6_1_3,2004,0
Armenia,ARM,15_6_1_3,2005,0
Armenia,ARM,15_6_1_3,2006,0
Armenia,ARM,15_6_1_3,2007,0
Armenia,ARM,15_6_1_3,2008,0
Armenia,ARM,15_6_1_3,2009,0
Armenia,ARM,15_6_1_3,2010,0
Armenia,ARM,15_6_1_3,2011,0
Armenia,ARM,15_6_1_3,2012,0
Armenia,ARM,15_6_1_3,2013,0
Armenia,ARM,15_6_1_3,2014,0
Armenia,ARM,15_6_1_3,2015,0
Armenia,ARM,15_6_1_3,2016,0
Armenia,ARM,15_6_1_3,2017,0
Armenia,ARM,15_6_1_3,2018,0
Armenia,ARM,15_6_1_3,2019,0
Armenia,ARM,15_6_1_4,2000,0
Armenia,ARM,15_6_1_4,2001,0
Armenia,ARM,15_6_1_4,2002,0
Armenia,ARM,15_6_1_4,2003,0
Armenia,ARM,15_6_1_4,2004,0
Armenia,ARM,15_6_1_4,2005,0
Armenia,ARM,15_6_1_4,2006,0
Armenia,ARM,15_6_1_4,2007,0
Armenia,ARM,15_6_1_4,2008,0
Armenia,ARM,15_6_1_4,2009,0
Armenia,ARM,15_6_1_4,2010,0
Armenia,ARM,15_6_1_4,2011,0
Armenia,ARM,15_6_1_4,2012,0
Armenia,ARM,15_6_1_4,2013,0
Armenia,ARM,15_6_1_4,2014,0
Armenia,ARM,15_6_1_4,2015,0
Armenia,ARM,15_6_1_4,2016,0
Armenia,ARM,15_6_1_4,2017,0
Armenia,ARM,15_6_1_4,2018,0
Armenia,ARM,15_6_1_4,2019,0
Armenia,ARM,15_6_1_5,2000,0
Armenia,ARM,15_6_1_5,2001,0
Armenia,ARM,15_6_1_5,2002,0
Armenia,ARM,15_6_1_5,2003,0
Armenia,ARM,15_6_1_5,2004,0
Armenia,ARM,15_6_1_5,2005,0
Armenia,ARM,15_6_1_5,2006,0
Armenia,ARM,15_6_1_5,2007,0
Armenia,ARM,15_6_1_5,2008,0
Armenia,ARM,15_6_1_5,2009,0
Armenia,ARM,15_6_1_5,2010,0
Armenia,ARM,15_6_1_5,2011,0
Armenia,ARM,15_6_1_5,2012,0
Armenia,ARM,15_6_1_5,2013,0
Armenia,ARM,15_6_1_5,2014,0
Armenia,ARM,15_6_1_5,2015,0
Armenia,ARM,15_6_1_5,2016,0
Armenia,ARM,15_6_1_5,2017,0
Armenia,ARM,15_6_1_5,2018,0
Armenia,ARM,15_6_1_5,2019,0
Armenia,ARM,15_8_1,2000,0
Armenia,ARM,15_8_1,2001,0
Armenia,ARM,15_8_1,2002,0
Armenia,ARM,15_8_1,2003,0
Armenia,ARM,15_8_1,2004,0
Armenia,ARM,15_8_1,2005,0
Armenia,ARM,15_8_1,2006,0
Armenia,ARM,15_8_1,2007,0
Armenia,ARM,15_8_1,2008,0
Armenia,ARM,15_8_1,2009,0
Armenia,ARM,15_8_1,2010,0
Armenia,ARM,15_8_1,2011,0
Armenia,ARM,15_8_1,2012,0
Armenia,ARM,15_8_1,2013,0
Armenia,ARM,15_8_1,2014,0
Armenia,ARM,15_8_1,2015,0
Armenia,ARM,15_8_1,2016,100
Armenia,ARM,15_8_1,2017,100
Armenia,ARM,15_8_1,2018,100
Armenia,ARM,15_8_1,2019,100
Armenia,ARM,15_9_1,2000,100
Armenia,ARM,15_9_1,2001,100
Armenia,ARM,15_9_1,2002,100
Armenia,ARM,15_9_1,2003,100
Armenia,ARM,15_9_1,2004,100
Armenia,ARM,15_9_1,2005,100
Armenia,ARM,15_9_1,2006,100
Armenia,ARM,15_9_1,2007,100
Armenia,ARM,15_9_1,2008,100
Armenia,ARM,15_9_1,2009,100
Armenia,ARM,15_9_1,2010,100
Armenia,ARM,15_9_1,2011,100
Armenia,ARM,15_9_1,2012,100
Armenia,ARM,15_9_1,2013,100
Armenia,ARM,15_9_1,2014,100
Armenia,ARM,15_9_1,2015,100
Armenia,ARM,15_9_1,2016,100
Armenia,ARM,15_9_1,2017,100
Armenia,ARM,15_9_1,2018,100
Armenia,ARM,15_9_1,2019,100
Bhutan,BTN,15_1_1,2000,65.47738693
Bhutan,BTN,15_1_1,2001,65.7268827
Bhutan,BTN,15_1_1,2002,65.97638461
Bhutan,BTN,15_1_1,2003,66.22588038
Bhutan,BTN,15_1_1,2004,69.41049937
Bhutan,BTN,15_1_1,2005,69.67101126
Bhutan,BTN,15_1_1,2006,69.93152956
Bhutan,BTN,15_1_1,2007,70.19177885
Bhutan,BTN,15_1_1,2008,70.45229074
Bhutan,BTN,15_1_1,2009,70.71280903
Bhutan,BTN,15_1_1,2010,70.97332093
Bhutan,BTN,15_1_1,2011,71.23383282
Bhutan,BTN,15_1_1,2012,71.49434471
Bhutan,BTN,15_1_1,2013,71.754863
Bhutan,BTN,15_1_1,2014,72.0153749
Bhutan,BTN,15_1_1,2015,72.27562418
Bhutan,BTN,15_1_1,2016,72.48453671
Bhutan,BTN,15_1_1,2017,72.48453671
Bhutan,BTN,15_1_1,2018,72.48453671
Bhutan,BTN,15_1_2_1,2000,23.13164
Bhutan,BTN,15_1_2_1,2001,23.13164
Bhutan,BTN,15_1_2_1,2002,23.13164
Bhutan,BTN,15_1_2_1,2003,23.13164
Bhutan,BTN,15_1_2_1,2004,23.13164
Bhutan,BTN,15_1_2_1,2005,23.13164
Bhutan,BTN,15_1_2_1,2006,23.13164
Bhutan,BTN,15_1_2_1,2007,23.13164
Bhutan,BTN,15_1_2_1,2008,29.94145
Bhutan,BTN,15_1_2_1,2009,29.94145
Bhutan,BTN,15_1_2_1,2010,29.94145
Bhutan,BTN,15_1_2_1,2011,29.94145
Bhutan,BTN,15_1_2_1,2012,29.94219
Bhutan,BTN,15_1_2_1,2013,29.94219
Bhutan,BTN,15_1_2_1,2014,34.28455
Bhutan,BTN,15_1_2_1,2015,34.28455
Bhutan,BTN,15_1_2_1,2016,34.28455
Bhutan,BTN,15_1_2_1,2017,34.28455
Bhutan,BTN,15_1_2_1,2018,34.28455
Bhutan,BTN,15_1_2_2,2000,43.31882
Bhutan,BTN,15_1_2_2,2001,43.31882
Bhutan,BTN,15_1_2_2,2002,43.31882
Bhutan,BTN,15_1_2_2,2003,43.31882
Bhutan,BTN,15_1_2_2,2004,43.31882
Bhutan,BTN,15_1_2_2,2005,43.31882
Bhutan,BTN,15_1_2_2,2006,43.31882
Bhutan,BTN,15_1_2_2,2007,43.31882
Bhutan,BTN,15_1_2_2,2008,45.77035
Bhutan,BTN,15_1_2_2,2009,45.77035
Bhutan,BTN,15_1_2_2,2010,45.77035
Bhutan,BTN,15_1_2_2,2011,45.77035
Bhutan,BTN,15_1_2_2,2012,45.77062
Bhutan,BTN,15_1_2_2,2013,45.77062
Bhutan,BTN,15_1_2_2,2014,47.33387
Bhutan,BTN,15_1_2_2,2015,47.33387
Bhutan,BTN,15_1_2_2,2016,47.33387
Bhutan,BTN,15_1_2_2,2017,47.33387
Bhutan,BTN,15_1_2_2,2018,47.33387
Bhutan,BTN,15_2_1_1,2000,0.38
Bhutan,BTN,15_2_1_1,2001,0.38
Bhutan,BTN,15_2_1_1,2002,0.38
Bhutan,BTN,15_2_1_1,2003,0.38
Bhutan,BTN,15_2_1_1,2004,0.38
Bhutan,BTN,15_2_1_1,2005,0.38
Bhutan,BTN,15_2_1_1,2006,0.378
Bhutan,BTN,15_2_1_1,2007,0.376
Bhutan,BTN,15_2_1_1,2008,0.374
Bhutan,BTN,15_2_1_1,2009,0.372
Bhutan,BTN,15_2_1_1,2010,0.37
Bhutan,BTN,15_2_1_1,2011,0.368
Bhutan,BTN,15_2_1_1,2012,0.366
Bhutan,BTN,15_2_1_1,2013,0.364
Bhutan,BTN,15_2_1_1,2014,0.362
Bhutan,BTN,15_2_1_1,2015,0.36
Bhutan,BTN,15_2_1_1,2016,0.36
Bhutan,BTN,15_2_1_1,2017,0.36
Bhutan,BTN,15_2_1_1,2018,0.36
Bhutan,BTN,15_2_1_2,2000,31.47475
Bhutan,BTN,15_2_1_2,2001,31.5238808
Bhutan,BTN,15_2_1_2,2002,31.5730132
Bhutan,BTN,15_2_1_2,2003,31.6221472
Bhutan,BTN,15_2_1_2,2004,31.6712828
Bhutan,BTN,15_2_1_2,2005,31.72042
Bhutan,BTN,15_2_1_2,2006,31.7695608
Bhutan,BTN,15_2_1_2,2007,31.81870356
Bhutan,BTN,15_2_1_2,2008,31.86784634
Bhutan,BTN,15_2_1_2,2009,31.91698856
Bhutan,BTN,15_2_1_2,2010,31.96613
Bhutan,BTN,15_2_1_2,2011,32.0152708
Bhutan,BTN,15_2_1_2,2012,32.0644112
Bhutan,BTN,15_2_1_2,2013,32.1135512
Bhutan,BTN,15_2_1_2,2014,32.1626908
Bhutan,BTN,15_2_1_2,2015,32.21183
Bhutan,BTN,15_2_1_2,2016,32.21183
Bhutan,BTN,15_2_1_2,2017,32.21183
Bhutan,BTN,15_2_1_2,2018,32.21183
Bhutan,BTN,15_4_1,2000,43.3184
Bhutan,BTN,15_4_1,2001,43.3184
Bhutan,BTN,15_4_1,2002,43.3184
Bhutan,BTN,15_4_1,2003,43.3184
Bhutan,BTN,15_4_1,2004,43.3184
Bhutan,BTN,15_4_1,2005,43.3184
Bhutan,BTN,15_4_1,2006,43.3184
Bhutan,BTN,15_4_1,2007,43.3184
Bhutan,BTN,15_4_1,2008,45.769
Bhutan,BTN,15_4_1,2009,45.769
Bhutan,BTN,15_4_1,2010,45.769
Bhutan,BTN,15_4_1,2011,45.769
Bhutan,BTN,15_4_1,2012,45.769
Bhutan,BTN,15_4_1,2013,45.769
Bhutan,BTN,15_4_1,2014,47.33225
Bhutan,BTN,15_4_1,2015,47.33225
Bhutan,BTN,15_4_1,2016,47.33225
Bhutan,BTN,15_4_1,2017,47.33225
Bhutan,BTN,15_4_1,2018,47.33225
Bhutan,BTN,15_4_1,2019,47.33225
Bhutan,BTN,15_5_1,2000,80.232
Bhutan,BTN,15_5_1,2001,80.188
Bhutan,BTN,15_5_1,2002,80.154
Bhutan,BTN,15_5_1,2003,80.136
Bhutan,BTN,15_5_1,2004,80.112
Bhutan,BTN,15_5_1,2005,80.108
Bhutan,BTN,15_5_1,2006,80.117
Bhutan,BTN,15_5_1,2007,80.097
Bhutan,BTN,15_5_1,2008,80.096
Bhutan,BTN,15_5_1,2009,80.089
Bhutan,BTN,15_5_1,2010,80.068
Bhutan,BTN,15_5_1,2011,80.045
Bhutan,BTN,15_5_1,2012,80.031
Bhutan,BTN,15_5_1,2013,80.005
Bhutan,BTN,15_5_1,2014,79.971
Bhutan,BTN,15_5_1,2015,79.965
Bhutan,BTN,15_5_1,2016,79.946
Bhutan,BTN,15_5_1,2017,79.911
Bhutan,BTN,15_5_1,2018,79.887
Bhutan,BTN,15_5_1,2019,79.885
Bhutan,BTN,15_6_1_1,2000,0
Bhutan,BTN,15_6_1_1,2001,0
Bhutan,BTN,15_6_1_1,2002,0
Bhutan,BTN,15_6_1_1,2003,0
Bhutan,BTN,15_6_1_1,2004,0
Bhutan,BTN,15_6_1_1,2005,0
Bhutan,BTN,15_6_1_1,2006,0
Bhutan,BTN,15_6_1_1,2007,0
Bhutan,BTN,15_6_1_1,2008,0
Bhutan,BTN,15_6_1_1,2009,0
Bhutan,BTN,15_6_1_1,2010,0
Bhutan,BTN,15_6_1_1,2011,0
Bhutan,BTN,15_6_1_1,2012,100
Bhutan,BTN,15_6_1_1,2013,100
Bhutan,BTN,15_6_1_1,2014,100
Bhutan,BTN,15_6_1_1,2015,100
Bhutan,BTN,15_6_1_1,2016,100
Bhutan,BTN,15_6_1_1,2017,100
Bhutan,BTN,15_6_1_1,2018,100
Bhutan,BTN,15_6_1_1,2019,100
Bhutan,BTN,15_6_1_2,2000,0
Bhutan,BTN,15_6_1_2,2001,0
Bhutan,BTN,15_6_1_2,2002,0
Bhutan,BTN,15_6_1_2,2003,0
Bhutan,BTN,15_6_1_2,2004,0
Bhutan,BTN,15_6_1_2,2005,0
Bhutan,BTN,15_6_1_2,2006,0
Bhutan,BTN,15_6_1_2,2007,0
Bhutan,BTN,15_6_1_2,2008,0
Bhutan,BTN,15_6_1_2,2009,0
Bhutan,BTN,15_6_1_2,2010,0
Bhutan,BTN,15_6_1_2,2011,0
Bhutan,BTN,15_6_1_2,2012,100
Bhutan,BTN,15_6_1_2,2013,100
Bhutan,BTN,15_6_1_2,2014,100
Bhutan,BTN,15_6_1_2,2015,100
Bhutan,BTN,15_6_1_2,2016,100
Bhutan,BTN,15_6_1_2,2017,100
Bhutan,BTN,15_6_1_2,2018,100
Bhutan,BTN,15_6_1_2,2019,100
Bhutan,BTN,15_6_1_3,2000,0
Bhutan,BTN,15_6_1_3,2001,0
Bhutan,BTN,15_6_1_3,2002,0
Bhutan,BTN,15_6_1_3,2003,0
Bhutan,BTN,15_6_1_3,2004,0
Bhutan,BTN,15_6_1_3,2005,0
Bhutan,BTN,15_6_1_3,2006,0
Bhutan,BTN,15_6_1_3,2007,0
Bhutan,BTN,15_6_1_3,2008,0
Bhutan,BTN,15_6_1_3,2009,0
Bhutan,BTN,15_6_1_3,2010,0
Bhutan,BTN,15_6_1_3,2011,0
Bhutan,BTN,15_6_1_3,2012,0
Bhutan,BTN,15_6_1_3,2013,0
Bhutan,BTN,15_6_1_3,2014,0
Bhutan,BTN,15_6_1_3,2015,0
Bhutan,BTN,15_6_1_3,2016,0
Bhutan,BTN,15_6_1_3,2017,100
Bhutan,BTN,15_6_1_3,2018,100
Bhutan,BTN,15_6_1_3,2019,100
Bhutan,BTN,15_6_1_4,2000,0
Bhutan,BTN,15_6_1_4,2001,0
Bhutan,BTN,15_6_1_4,2002,0
Bhutan,BTN,15_6_1_4,2003,0
Bhutan,BTN,15_6_1_4,2004,0
Bhutan,BTN,15_6_1_4,2005,0
Bhutan,BTN,15_6_1_4,2006,0
Bhutan,BTN,15_6_1_4,2007,0
Bhutan,BTN,15_6_1_4,2008,0
Bhutan,BTN,15_6_1_4,2009,0
Bhutan,BTN,15_6_1_4,2010,0
Bhutan,BTN,15_6_1_4,2011,0
Bhutan,BTN,15_6_1_4,2012,100
Bhutan,BTN,15_6_1_4,2013,100
Bhutan,BTN,15_6_1_4,2014,100
Bhutan,BTN,15_6_1_4,2015,100
Bhutan,BTN,15_6_1_4,2016,100
Bhutan,BTN,15_6_1_4,2017,100
Bhutan,BTN,15_6_1_4,2018,100
Bhutan,BTN,15_6_1_4,2019,100
Bhutan,BTN,15_6_1_5,2000,0
Bhutan,BTN,15_6_1_5,2001,0
Bhutan,BTN,15_6_1_5,2002,0
Bhutan,BTN,15_6_1_5,2003,0
Bhutan,BTN,15_6_1_5,2004,0
Bhutan,BTN,15_6_1_5,2005,0
Bhutan,BTN,15_6_1_5,2006,0
Bhutan,BTN,15_6_1_5,2007,0
Bhutan,BTN,15_6_1_5,2008,0
Bhutan,BTN,15_6_1_5,2009,0
Bhutan,BTN,15_6_1_5,2010,0
Bhutan,BTN,15_6_1_5,2011,0
Bhutan,BTN,15_6_1_5,2012,0
Bhutan,BTN,15_6_1_5,2013,0
Bhutan,BTN,15_6_1_5,2014,0
Bhutan,BTN,15_6_1_5,2015,0
Bhutan,BTN,15_6_1_5,2016,0
Bhutan,BTN,15_6_1_5,2017,0
Bhutan,BTN,15_6_1_5,2018,0
Bhutan,BTN,15_6_1_5,2019,0
Bhutan,BTN,15_8_1,2000,0
Bhutan,BTN,15_8_1,2001,0
Bhutan,BTN,15_8_1,2002,0
Bhutan,BTN,15_8_1,2003,0
Bhutan,BTN,15_8_1,2004,0
Bhutan,BTN,15_8_1,2005,0
Bhutan,BTN,15_8_1,2006,0
Bhutan,BTN,15_8_1,2007,0
Bhutan,BTN,15_8_1,2008,0
Bhutan,BTN,15_8_1,2009,0
Bhutan,BTN,15_8_1,2010,0
Bhutan,BTN,15_8_1,2011,0
Bhutan,BTN,15_8_1,2012,0
Bhutan,BTN,15_8_1,2013,0
Bhutan,BTN,15_8_1,2014,0
Bhutan,BTN,15_8_1,2015,0
Bhutan,BTN,15_8_1,2016,100
Bhutan,BTN,15_8_1,2017,100
Bhutan,BTN,15_8_1,2018,100
Bhutan,BTN,15_8_1,2019,100
Bhutan,BTN,15_9_1,2000,100
Bhutan,BTN,15_9_1,2001,100
Bhutan,BTN,15_9_1,2002,100
Bhutan,BTN,15_9_1,2003,100
Bhutan,BTN,15_9_1,2004,100
Bhutan,BTN,15_9_1,2005,100
Bhutan,BTN,15_9_1,2006,100
Bhutan,BTN,15_9_1,2007,100
Bhutan,BTN,15_9_1,2008,100
Bhutan,BTN,15_9_1,2009,100
Bhutan,BTN,15_9_1,2010,100
Bhutan,BTN,15_9_1,2011,100
Bhutan,BTN,15_9_1,2012,100
Bhutan,BTN,15_9_1,2013,100
Bhutan,BTN,15_9_1,2014,100
Bhutan,BTN,15_9_1,2015,100
Bhutan,BTN,15_9_1,2016,100
Bhutan,BTN,15_9_1,2017,100
Bhutan,BTN,15_9_1,2018,100
Bhutan,BTN,15_9_1,2019,100
Mexico,MEX,15_1_1,2000,34.90625
Mexico,MEX,15_1_1,2001,34.82672
Mexico,MEX,15_1_1,2002,34.74719
Mexico,MEX,15_1_1,2003,34.66766
Mexico,MEX,15_1_1,2004,34.58813
Mexico,MEX,15_1_1,2005,34.5086
Mexico,MEX,15_1_1,2006,34.44842
Mexico,MEX,15_1_1,2007,34.38823
Mexico,MEX,15_1_1,2008,34.32804
Mexico,MEX,15_1_1,2009,34.26786
Mexico,MEX,15_1_1,2010,34.20767
Mexico,MEX,15_1_1,2011,34.16055
Mexico,MEX,15_1_1,2012,34.11343
Mexico,MEX,15_1_1,2013,34.06631
Mexico,MEX,15_1_1,2014,34.01919
Mexico,MEX,15_1_1,2015,33.97207
Mexico,MEX,15_1_1,2016,33.92495
Mexico,MEX,15_1_1,2017,33.92495
Mexico,MEX,15_1_1,2018,33.92495
Mexico,MEX,15_1_2_1,2000,5.41202
Mexico,MEX,15_1_2_1,2001,5.68497
Mexico,MEX,15_1_2_1,2002,7.11301
Mexico,MEX,15_1_2_1,2003,7.11301
Mexico,MEX,15_1_2_1,2004,9.78676
Mexico,MEX,15_1_2_1,2005,9.81875
Mexico,MEX,15_1_2_1,2006,9.82039
Mexico,MEX,15_1_2_1,2007,9.82607
Mexico,MEX,15_1_2_1,2008,10.02319
Mexico,MEX,15_1_2_1,2009,15.06281
Mexico,MEX,15_1_2_1,2010,15.06537
Mexico,MEX,15_1_2_1,2011,15.06537
Mexico,MEX,15_1_2_1,2012,15.07933
Mexico,MEX,15_1_2_1,2013,15.07933
Mexico,MEX,15_1_2_1,2014,15.08223
Mexico,MEX,15_1_2_1,2015,15.08412
Mexico,MEX,15_1_2_1,2016,15.08525
Mexico,MEX,15_1_2_1,2017,15.0984
Mexico,MEX,15_1_2_1,2018,15.0984
Mexico,MEX,15_1_2_2,2000,17.46233
Mexico,MEX,15_1_2_2,2001,17.50601
Mexico,MEX,15_1_2_2,2002,18.78516
Mexico,MEX,15_1_2_2,2003,18.8762
Mexico,MEX,15_1_2_2,2004,22.39861
Mexico,MEX,15_1_2_2,2005,24.76549
Mexico,MEX,15_1_2_2,2006,25.58857
Mexico,MEX,15_1_2_2,2007,26.43002
Mexico,MEX,15_1_2_2,2008,27.38544
Mexico,MEX,15_1_2_2,2009,28.61311
Mexico,MEX,15_1_2_2,2010,28.69928
Mexico,MEX,15_1_2_2,2011,29.23385
Mexico,MEX,15_1_2_2,2012,29.36802
Mexico,MEX,15_1_2_2,2013,30.10952
Mexico,MEX,15_1_2_2,2014,30.11083
Mexico,MEX,15_1_2_2,2015,30.11374
Mexico,MEX,15_1_2_2,2016,31.72958
Mexico,MEX,15_1_2_2,2017,31.73272
Mexico,MEX,15_1_2_2,2018,31.73272
Mexico,MEX,15_2_1_1,2000,-0.23
Mexico,MEX,15_2_1_1,2001,-0.23
Mexico,MEX,15_2_1_1,2002,-0.23
Mexico,MEX,15_2_1_1,2003,-0.23
Mexico,MEX,15_2_1_1,2004,-0.23
Mexico,MEX,15_2_1_1,2005,-0.23
Mexico,MEX,15_2_1_1,2006,-0.219111656
Mexico,MEX,15_2_1_1,2007,-0.208667485
Mexico,MEX,15_2_1_1,2008,-0.198667485
Mexico,MEX,15_2_1_1,2009,-0.189111656
Mexico,MEX,15_2_1_1,2010,-0.18
Mexico,MEX,15_2_1_1,2011,-0.171303826
Mexico,MEX,15_2_1_1,2012,-0.162977974
Mexico,MEX,15_2_1_1,2013,-0.154999281
Mexico,MEX,15_2_1_1,2014,-0.147346479
Mexico,MEX,15_2_1_1,2015,-0.14
Mexico,MEX,15_2_1_1,2016,-0.14
Mexico,MEX,15_2_1_1,2017,-0.14
Mexico,MEX,15_2_1_1,2018,-0.14
Mexico,MEX,15_2_1_2,2000,5.73334
Mexico,MEX,15_2_1_2,2001,7.291576385
Mexico,MEX,15_2_1_2,2002,8.590523577
Mexico,MEX,15_2_1_2,2003,9.630181577
Mexico,MEX,15_2_1_2,2004,10.41055038
Mexico,MEX,15_2_1_2,2005,10.93163
Mexico,MEX,15_2_1_2,2006,11.171066
Mexico,MEX,15_2_1_2,2007,11.410497
Mexico,MEX,15_2_1_2,2008,11.649928
Mexico,MEX,15_2_1_2,2009,11.889359
Mexico,MEX,15_2_1_2,2010,12.12879
Mexico,MEX,15_2_1_2,2011,12.3682208
Mexico,MEX,15_2_1_2,2012,12.6076512
Mexico,MEX,15_2_1_2,2013,12.8470812
Mexico,MEX,15_2_1_2,2014,13.0865108
Mexico,MEX,15_2_1_2,2015,13.32594
Mexico,MEX,15_2_1_2,2016,13.32594
Mexico,MEX,15_2_1_2,2017,13.32594
Mexico,MEX,15_2_1_2,2018,13.32594
Mexico,MEX,15_4_1,2000,16.84602
Mexico,MEX,15_4_1,2001,17.99023
Mexico,MEX,15_4_1,2002,19.98768
Mexico,MEX,15_4_1,2003,20.70209
Mexico,MEX,15_4_1,2004,22.12082
Mexico,MEX,15_4_1,2005,23.02114
Mexico,MEX,15_4_1,2006,23.74122
Mexico,MEX,15_4_1,2007,25.52436
Mexico,MEX,15_4_1,2008,26.17919
Mexico,MEX,15_4_1,2009,27.82596
Mexico,MEX,15_4_1,2010,28.00282
Mexico,MEX,15_4_1,2011,28.21602
Mexico,MEX,15_4_1,2012,28.33084
Mexico,MEX,15_4_1,2013,29.10541
Mexico,MEX,15_4_1,2014,29.10657
Mexico,MEX,15_4_1,2015,29.10698
Mexico,MEX,15_4_1,2016,29.73659
Mexico,MEX,15_4_1,2017,29.7593
Mexico,MEX,15_4_1,2018,29.76071
Mexico,MEX,15_4_1,2019,29.7737
Mexico,MEX,15_5_1,2000,72.119
Mexico,MEX,15_5_1,2001,71.887
Mexico,MEX,15_5_1,2002,71.637
Mexico,MEX,15_5_1,2003,71.354
Mexico,MEX,15_5_1,2004,71.105
Mexico,MEX,15_5_1,2005,70.898
Mexico,MEX,15_5_1,2006,70.576
Mexico,MEX,15_5_1,2007,70.381
Mexico,MEX,15_5_1,2008,70.151
Mexico,MEX,15_5_1,2009,69.911
Mexico,MEX,15_5_1,2010,69.653
Mexico,MEX,15_5_1,2011,69.462
Mexico,MEX,15_5_1,2012,69.166
Mexico,MEX,15_5_1,2013,68.94
Mexico,MEX,15_5_1,2014,68.688
Mexico,MEX,15_5_1,2015,68.407
Mexico,MEX,15_5_1,2016,68.247
Mexico,MEX,15_5_1,2017,68.007
Mexico,MEX,15_5_1,2018,67.728
Mexico,MEX,15_5_1,2019,67.4
Mexico,MEX,15_6_1_1,2000,0
Mexico,MEX,15_6_1_1,2001,0
Mexico,MEX,15_6_1_1,2002,0
Mexico,MEX,15_6_1_1,2003,0
Mexico,MEX,15_6_1_1,2004,0
Mexico,MEX,15_6_1_1,2005,0
Mexico,MEX,15_6_1_1,2006,0
Mexico,MEX,15_6_1_1,2007,0
Mexico,MEX,15_6_1_1,2008,0
Mexico,MEX,15_6_1_1,2009,0
Mexico,MEX,15_6_1_1,2010,0
Mexico,MEX,15_6_1_1,2011,0
Mexico,MEX,15_6_1_1,2012,0
Mexico,MEX,15_6_1_1,2013,0
Mexico,MEX,15_6_1_1,2014,0
Mexico,MEX,15_6_1_1,2015,0
Mexico,MEX,15_6_1_1,2016,0
Mexico,MEX,15_6_1_1,2017,0
Mexico,MEX,15_6_1_1,2018,0
Mexico,MEX,15_6_1_1,2019,0
Mexico,MEX,15_6_1_2,2000,0
Mexico,MEX,15_6_1_2,2001,0
Mexico,MEX,15_6_1_2,2002,0
Mexico,MEX,15_6_1_2,2003,0
Mexico,MEX,15_6_1_2,2004,0
Mexico,MEX,15_6_1_2,2005,0
Mexico,MEX,15_6_1_2,2006,0
Mexico,MEX,15_6_1_2,2007,0
Mexico,MEX,15_6_1_2,2008,0
Mexico,MEX,15_6_1_2,2009,0
Mexico,MEX,15_6_1_2,2010,0
Mexico,MEX,15_6_1_2,2011,0
Mexico,MEX,15_6_1_2,2012,100
Mexico,MEX,15_6_1_2,2013,100
Mexico,MEX,15_6_1_2,2014,100
Mexico,MEX,15_6_1_2,2015,100
Mexico,MEX,15_6_1_2,2016,100
Mexico,MEX,15_6_1_2,2017,100
Mexico,MEX,15_6_1_2,2018,100
Mexico,MEX,15_6_1_2,2019,100
Mexico,MEX,15_6_1_3,2000,0
Mexico,MEX,15_6_1_3,2001,0
Mexico,MEX,15_6_1_3,2002,0
Mexico,MEX,15_6_1_3,2003,0
Mexico,MEX,15_6_1_3,2004,0
Mexico,MEX,15_6_1_3,2005,0
Mexico,MEX,15_6_1_3,2006,0
Mexico,MEX,15_6_1_3,2007,0
Mexico,MEX,15_6_1_3,2008,0
Mexico,MEX,15_6_1_3,2009,0
Mexico,MEX,15_6_1_3,2010,0
Mexico,MEX,15_6_1_3,2011,0
Mexico,MEX,15_6_1_3,2012,0
Mexico,MEX,15_6_1_3,2013,0
Mexico,MEX,15_6_1_3,2014,0
Mexico,MEX,15_6_1_3,2015,0
Mexico,MEX,15_6_1_3,2016,0
Mexico,MEX,15_6_1_3,2017,0
Mexico,MEX,15_6_1_3,2018,0
Mexico,MEX,15_6_1_3,2019,0
Mexico,MEX,15_6_1_4,2000,0
Mexico,MEX,15_6_1_4,2001,0
Mexico,MEX,15_6_1_4,2002,0
Mexico,MEX,15_6_1_4,2003,0
Mexico,MEX,15_6_1_4,2004,0
Mexico,MEX,15_6_1_4,2005,0
Mexico,MEX,15_6_1_4,2006,0
Mexico,MEX,15_6_1_4,2007,0
Mexico,MEX,15_6_1_4,2008,0
Mexico,MEX,15_6_1_4,2009,0
Mexico,MEX,15_6_1_4,2010,0
Mexico,MEX,15_6_1_4,2011,0
Mexico,MEX,15_6_1_4,2012,100
Mexico,MEX,15_6_1_4,2013,100
Mexico,MEX,15_6_1_4,2014,100
Mexico,MEX,15_6_1_4,2015,100
Mexico,MEX,15_6_1_4,2016,100
Mexico,MEX,15_6_1_4,2017,100
Mexico,MEX,15_6_1_4,2018,100
Mexico,MEX,15_6_1_4,2019,100
Mexico,MEX,15_6_1_5,2000,0
Mexico,MEX,15_6_1_5,2001,0
Mexico,MEX,15_6_1_5,2002,0
Mexico,MEX,15_6_1_5,2003,0
Mexico,MEX,15_6_1_5,2004,0
Mexico,MEX,15_6_1_5,2005,0
Mexico,MEX,15_6_1_5,2006,0
Mexico,MEX,15_6_1_5,2007,0
Mexico,MEX,15_6_1_5,2008,0
Mexico,MEX,15_6_1_5,2009,0
Mexico,MEX,15_6_1_5,2010,0
Mexico,MEX,15_6_1_5,2011,0
Mexico,MEX,15_6_1_5,2012,100
Mexico,MEX,15_6_1_5,2013,100
Mexico,MEX,15_6_1_5,2014,100
Mexico,MEX,15_6_1_5,2015,100
Mexico,MEX,15_6_1_5,2016,100
Mexico,MEX,15_6_1_5,2017,100
Mexico,MEX,15_6_1_5,2018,100
Mexico,MEX,15_6_1_5,2019,100
Mexico,MEX,15_8_1,2000,0
Mexico,MEX,15_8_1,2001,0
Mexico,MEX,15_8_1,2002,0
Mexico,MEX,15_8_1,2003,0
Mexico,MEX,15_8_1,2004,0
Mexico,MEX,15_8_1,2005,0
Mexico,MEX,15_8_1,2006,0
Mexico,MEX,15_8_1,2007,0
Mexico,MEX,15_8_1,2008,0
Mexico,MEX,15_8_1,2009,0
Mexico,MEX,15_8_1,2010,0
Mexico,MEX,15_8_1,2011,0
Mexico,MEX,15_8_1,2012,0
Mexico,MEX,15_8_1,2013,0
Mexico,MEX,15_8_1,2014,0
Mexico,MEX,15_8_1,2015,0
Mexico,MEX,15_8_1,2016,100
Mexico,MEX,15_8_1,2017,100
Mexico,MEX,15_8_1,2018,100
Mexico,MEX,15_8_1,2019,100
Mexico,MEX,15_9_1,2000,100
Mexico,MEX,15_9_1,2001,100
Mexico,MEX,15_9_1,2002,100
Mexico,MEX,15_9_1,2003,100
Mexico,MEX,15_9_1,2004,100
Mexico,MEX,15_9_1,2005,100
Mexico,MEX,15_9_1,2006,100
Mexico,MEX,15_9_1,2007,100
Mexico,MEX,15_9_1,2008,100
Mexico,MEX,15_9_1,2009,100
Mexico,MEX,15_9_1,2010,100
Mexico,MEX,15_9_1,2011,100
Mexico,MEX,15_9_1,2012,100
Mexico,MEX,15_9_1,2013,100
Mexico,MEX,15_9_1,2014,100
Mexico,MEX,15_9_1,2015,100
Mexico,MEX,15_9_1,2016,100
Mexico,MEX,15_9_1,2017,100
Mexico,MEX,15_9_1,2018,100
Mexico,MEX,15_9_1,2019,100
Thailand,THA,15_1_1,2000,33.2968
Thailand,THA,15_1_1,2001,32.94016
Thailand,THA,15_1_1,2002,32.58353
Thailand,THA,15_1_1,2003,32.2269
Thailand,THA,15_1_1,2004,31.87027
Thailand,THA,15_1_1,2005,31.51363
Thailand,THA,15_1_1,2006,31.57196
Thailand,THA,15_1_1,2007,31.63029
Thailand,THA,15_1_1,2008,31.68862
Thailand,THA,15_1_1,2009,31.74695
Thailand,THA,15_1_1,2010,31.80528
Thailand,THA,15_1_1,2011,31.864
Thailand,THA,15_1_1,2012,31.92272
Thailand,THA,15_1_1,2013,31.98144
Thailand,THA,15_1_1,2014,32.04017
Thailand,THA,15_1_1,2015,32.09889
Thailand,THA,15_1_1,2016,32.15761
Thailand,THA,15_1_1,2017,32.15761
Thailand,THA,15_1_1,2018,32.15761
Thailand,THA,15_1_2_1,2000,43.36875
Thailand,THA,15_1_2_1,2001,43.58502
Thailand,THA,15_1_2_1,2002,43.58502
Thailand,THA,15_1_2_1,2003,43.58502
Thailand,THA,15_1_2_1,2004,43.58502
Thailand,THA,15_1_2_1,2005,43.58502
Thailand,THA,15_1_2_1,2006,43.58502
Thailand,THA,15_1_2_1,2007,43.58502
Thailand,THA,15_1_2_1,2008,43.58502
Thailand,THA,15_1_2_1,2009,43.58502
Thailand,THA,15_1_2_1,2010,43.58502
Thailand,THA,15_1_2_1,2011,43.58502
Thailand,THA,15_1_2_1,2012,43.58502
Thailand,THA,15_1_2_1,2013,43.58502
Thailand,THA,15_1_2_1,2014,43.58502
Thailand,THA,15_1_2_1,2015,43.58502
Thailand,THA,15_1_2_1,2016,43.58502
Thailand,THA,15_1_2_1,2017,43.58502
Thailand,THA,15_1_2_1,2018,43.58502
Thailand,THA,15_1_2_2,2000,66.8091
Thailand,THA,15_1_2_2,2001,67.28735
Thailand,THA,15_1_2_2,2002,67.57411
Thailand,THA,15_1_2_2,2003,67.57411
Thailand,THA,15_1_2_2,2004,67.57411
Thailand,THA,15_1_2_2,2005,67.57411
Thailand,THA,15_1_2_2,2006,67.57411
Thailand,THA,15_1_2_2,2007,68.60975
Thailand,THA,15_1_2_2,2008,69.66238
Thailand,THA,15_1_2_2,2009,70.57193
Thailand,THA,15_1_2_2,2010,70.57193
Thailand,THA,15_1_2_2,2011,70.57193
Thailand,THA,15_1_2_2,2012,70.57193
Thailand,THA,15_1_2_2,2013,71.2802
Thailand,THA,15_1_2_2,2014,71.2802
Thailand,THA,15_1_2_2,2015,71.2802
Thailand,THA,15_1_2_2,2016,71.2802
Thailand,THA,15_1_2_2,2017,71.2802
Thailand,THA,15_1_2_2,2018,71.2802
Thailand,THA,15_2_1_1,2000,-1.09
Thailand,THA,15_2_1_1,2001,-1.09
Thailand,THA,15_2_1_1,2002,-1.09
Thailand,THA,15_2_1_1,2003,-1.09
Thailand,THA,15_2_1_1,2004,-1.09
Thailand,THA,15_2_1_1,2005,-1.09
Thailand,THA,15_2_1_1,2006,-0.6666667
Thailand,THA,15_2_1_1,2007,-0.328
Thailand,THA,15_2_1_1,2008,-0.074
Thailand,THA,15_2_1_1,2009,0.09533333
Thailand,THA,15_2_1_1,2010,0.18
Thailand,THA,15_2_1_1,2011,0.2138667
Thailand,THA,15_2_1_1,2012,0.2308
Thailand,THA,15_2_1_1,2013,0.2308
Thailand,THA,15_2_1_1,2014,0.2138667
Thailand,THA,15_2_1_1,2015,0.18
Thailand,THA,15_2_1_1,2016,0.18
Thailand,THA,15_2_1_1,2017,0.18
Thailand,THA,15_2_1_1,2018,0.18
Thailand,THA,15_2_1_2,2000,55.69242
Thailand,THA,15_2_1_2,2001,56.13576
Thailand,THA,15_2_1_2,2002,56.51658
Thailand,THA,15_2_1_2,2003,56.83489
Thailand,THA,15_2_1_2,2004,57.09069
Thailand,THA,15_2_1_2,2005,57.28398
Thailand,THA,15_2_1_2,2006,57.38618
Thailand,THA,15_2_1_2,2007,57.39599
Thailand,THA,15_2_1_2,2008,57.36434
Thailand,THA,15_2_1_2,2009,57.36014
Thailand,THA,15_2_1_2,2010,57.47911
Thailand,THA,15_2_1_2,2011,57.94873
Thailand,THA,15_2_1_2,2012,58.91407
Thailand,THA,15_2_1_2,2013,60.37514
Thailand,THA,15_2_1_2,2014,62.33193
Thailand,THA,15_2_1_2,2015,64.78444
Thailand,THA,15_2_1_2,2016,64.78444
Thailand,THA,15_2_1_2,2017,64.78444
Thailand,THA,15_2_1_2,2018,64.78444
Thailand,THA,15_4_1,2000,83.3425
Thailand,THA,15_4_1,2001,83.3425
Thailand,THA,15_4_1,2002,83.3425
Thailand,THA,15_4_1,2003,83.3425
Thailand,THA,15_4_1,2004,83.3425
Thailand,THA,15_4_1,2005,83.3425
Thailand,THA,15_4_1,2006,83.3425
Thailand,THA,15_4_1,2007,85.06005
Thailand,THA,15_4_1,2008,86.23652
Thailand,THA,15_4_1,2009,88.42951
Thailand,THA,15_4_1,2010,88.42951
Thailand,THA,15_4_1,2011,88.42951
Thailand,THA,15_4_1,2012,88.42951
Thailand,THA,15_4_1,2013,88.42951
Thailand,THA,15_4_1,2014,88.42951
Thailand,THA,15_4_1,2015,88.42951
Thailand,THA,15_4_1,2016,88.42951
Thailand,THA,15_4_1,2017,88.42951
Thailand,THA,15_4_1,2018,88.42951
Thailand,THA,15_4_1,2019,88.42951
Thailand,THA,15_5_1,2000,85.118
Thailand,THA,15_5_1,2001,84.777
Thailand,THA,15_5_1,2002,84.437
Thailand,THA,15_5_1,2003,84.16
Thailand,THA,15_5_1,2004,83.796
Thailand,THA,15_5_1,2005,83.427
Thailand,THA,15_5_1,2006,83.17
Thailand,THA,15_5_1,2007,82.855
Thailand,THA,15_5_1,2008,82.496
Thailand,THA,15_5_1,2009,82.25
Thailand,THA,15_5_1,2010,81.938
Thailand,THA,15_5_1,2011,81.633
Thailand,THA,15_5_1,2012,81.391
Thailand,THA,15_5_1,2013,81.007
Thailand,THA,15_5_1,2014,80.641
Thailand,THA,15_5_1,2015,80.359
Thailand,THA,15_5_1,2016,80.081
Thailand,THA,15_5_1,2017,79.707
Thailand,THA,15_5_1,2018,79.482
Thailand,THA,15_5_1,2019,79.119
Thailand,THA,15_6_1_1,2000,0
Thailand,THA,15_6_1_1,2001,0
Thailand,THA,15_6_1_1,2002,0
Thailand,THA,15_6_1_1,2003,0
Thailand,THA,15_6_1_1,2004,0
Thailand,THA,15_6_1_1,2005,0
Thailand,THA,15_6_1_1,2006,0
Thailand,THA,15_6_1_1,2007,0
Thailand,THA,15_6_1_1,2008,0
Thailand,THA,15_6_1_1,2009,0
Thailand,THA,15_6_1_1,2010,0
Thailand,THA,15_6_1_1,2011,0
Thailand,THA,15_6_1_1,2012,0
Thailand,THA,15_6_1_1,2013,0
Thailand,THA,15_6_1_1,2014,0
Thailand,THA,15_6_1_1,2015,0
Thailand,THA,15_6_1_1,2016,0
Thailand,THA,15_6_1_1,2017,0
Thailand,THA,15_6_1_1,2018,0
Thailand,THA,15_6_1_1,2019,0
Thailand,THA,15_6_1_2,2000,0
Thailand,THA,15_6_1_2,2001,0
Thailand,THA,15_6_1_2,2002,0
Thailand,THA,15_6_1_2,2003,0
Thailand,THA,15_6_1_2,2004,0
Thailand,THA,15_6_1_2,2005,0
Thailand,THA,15_6_1_2,2006,0
Thailand,THA,15_6_1_2,2007,0
Thailand,THA,15_6_1_2,2008,0
Thailand,THA,15_6_1_2,2009,0
Thailand,THA,15_6_1_2,2010,0
Thailand,THA,15_6_1_2,2011,0
Thailand,THA,15_6_1_2,2012,0
Thailand,THA,15_6_1_2,2013,0
Thailand,THA,15_6_1_2,2014,0
Thailand,THA,15_6_1_2,2015,0
Thailand,THA,15_6_1_2,2016,0
Thailand,THA,15_6_1_2,2017,0
Thailand,THA,15_6_1_2,2018,0
Thailand,THA,15_6_1_2,2019,0
Thailand,THA,15_6_1_3,2000,0
Thailand,THA,15_6_1_3,2001,0
Thailand,THA,15_6_1_3,2002,0
Thailand,THA,15_6_1_3,2003,0
Thailand,THA,15_6_1_3,2004,0
Thailand,THA,15_6_1_3,2005,0
Thailand,THA,15_6_1_3,2006,0
Thailand,THA,15_6_1_3,2007,0
Thailand,THA,15_6_1_3,2008,0
Thailand,THA,15_6_1_3,2009,0
Thailand,THA,15_6_1_3,2010,0
Thailand,THA,15_6_1_3,2011,0
Thailand,THA,15_6_1_3,2012,0
Thailand,THA,15_6_1_3,2013,0
Thailand,THA,15_6_1_3,2014,0
Thailand,THA,15_6_1_3,2015,0
Thailand,THA,15_6_1_3,2016,0
Thailand,THA,15_6_1_3,2017,0
Thailand,THA,15_6_1_3,2018,0
Thailand,THA,15_6_1_3,2019,0
Thailand,THA,15_6_1_4,2000,0
Thailand,THA,15_6_1_4,2001,0
Thailand,THA,15_6_1_4,2002,0
Thailand,THA,15_6_1_4,2003,0
Thailand,THA,15_6_1_4,2004,0
Thailand,THA,15_6_1_4,2005,0
Thailand,THA,15_6_1_4,2006,0
Thailand,THA,15_6_1_4,2007,0
Thailand,THA,15_6_1_4,2008,0
Thailand,THA,15_6_1_4,2009,0
Thailand,THA,15_6_1_4,2010,0
Thailand,THA,15_6_1_4,2011,0
Thailand,THA,15_6_1_4,2012,0
Thailand,THA,15_6_1_4,2013,0
Thailand,THA,15_6_1_4,2014,0
Thailand,THA,15_6_1_4,2015,0
Thailand,THA,15_6_1_4,2016,0
Thailand,THA,15_6_1_4,2017,0
Thailand,THA,15_6_1_4,2018,0
Thailand,THA,15_6_1_4,2019,0
Thailand,THA,15_6_1_5,2000,0
Thailand,THA,15_6_1_5,2001,0
Thailand,THA,15_6_1_5,2002,0
Thailand,THA,15_6_1_5,2003,0
Thailand,THA,15_6_1_5,2004,0
Thailand,THA,15_6_1_5,2005,0
Thailand,THA,15_6_1_5,2006,0
Thailand,THA,15_6_1_5,2007,0
Thailand,THA,15_6_1_5,2008,0
Thailand,THA,15_6_1_5,2009,0
Thailand,THA,15_6_1_5,2010,0
Thailand,THA,15_6_1_5,2011,0
Thailand,THA,15_6_1_5,2012,0
Thailand,THA,15_6_1_5,2013,0
Thailand,THA,15_6_1_5,2014,0
Thailand,THA,15_6_1_5,2015,0
Thailand,THA,15_6_1_5,2016,0
Thailand,THA,15_6_1_5,2017,0
Thailand,THA,15_6_1_5,2018,0
Thailand,THA,15_6_1_5,2019,0
Thailand,THA,15_8_1,2000,0
Thailand,THA,15_8_1,2001,0
Thailand,THA,15_8_1,2002,0
Thailand,THA,15_8_1,2003,0
Thailand,THA,15_8_1,2004,0
Thailand,THA,15_8_1,2005,0
Thailand,THA,15_8_1,2006,0
Thailand,THA,15_8_1,2007,0
Thailand,THA,15_8_1,2008,0
Thailand,THA,15_8_1,2009,0
Thailand,THA,15_8_1,2010,0
Thailand,THA,15_8_1,2011,0
Thailand,THA,15_8_1,2012,0
Thailand,THA,15_8_1,2013,0
Thailand,THA,15_8_1,2014,0
Thailand,THA,15_8_1,2015,0
Thailand,THA,15_8_1,2016,100
Thailand,THA,15_8_1,2017,100
Thailand,THA,15_8_1,2018,100
Thailand,THA,15_8_1,2019,100
Thailand,THA,15_9_1,2000,100
Thailand,THA,15_9_1,2001,100
Thailand,THA,15_9_1,2002,100
Thailand,THA,15_9_1,2003,100
Thailand,THA,15_9_1,2004,100
Thailand,THA,15_9_1,2005,100
Thailand,THA,15_9_1,2006,100
Thailand,THA,15_9_1,2007,100
Thailand,THA,15_9_1,2008,100
Thailand,THA,15_9_1,2009,100
Thailand,THA,15_9_1,2010,100
Thailand,THA,15_9_1,2011,100
Thailand,THA,15_9_1,2012,100
Thailand,THA,15_9_1,2013,100
Thailand,THA,15_9_1,2014,100
Thailand,THA,15_9_1,2015,100
Thailand,THA,15_9_1,2016,100
Thailand,THA,15_9_1,2017,100
Thailand,THA,15_9_1,2018,100
Thailand,THA,15_9_1,2019,100
