"","Country","Code","Year","SDG_sub","Value"
"1","Belgium","BEL",2000,"14_1_1",57.7914091132973
"2","Belgium","BEL",2001,"14_1_1",34.8446587222561
"3","Belgium","BEL",2002,"14_1_1",52.8382207107856
"4","Belgium","BEL",2003,"14_1_1",48.2307353889984
"5","Belgium","BEL",2004,"14_1_1",57.7914091132973
"6","Belgium","BEL",2005,"14_1_1",46.0431716322827
"7","Belgium","BEL",2006,"14_1_1",34.5216246960053
"8","Belgium","BEL",2007,"14_1_1",54.6800813867768
"9","Belgium","BEL",2008,"14_1_1",52.4358449938768
"10","Belgium","BEL",2009,"14_1_1",52.6058629024297
"11","Belgium","BEL",2010,"14_1_1",56.7542998711238
"12","Belgium","BEL",2011,"14_1_1",54.6800813867768
"13","Belgium","BEL",2012,"14_1_1",56.0628937096748
"14","Belgium","BEL",2013,"14_1_1",42.5861408250376
"15","Belgium","BEL",2014,"14_1_1",55.7171906289503
"16","Belgium","BEL",2015,"14_1_1",41.3223410381268
"17","Belgium","BEL",2016,"14_1_1",63.0349012962936
"18","Belgium","BEL",2017,"14_1_1",65.0908199056214
"19","Belgium","BEL",2018,"14_1_1",78.6475847808223
"20","Belgium","BEL",2019,"14_1_1",67.8433918544662
"21","Belgium","BEL",2020,"14_1_1",67.8433918544662
"22","Belgium","BEL",2000,"14_2_1",0
"23","Belgium","BEL",2001,"14_2_1",0
"24","Belgium","BEL",2002,"14_2_1",0
"25","Belgium","BEL",2003,"14_2_1",0
"26","Belgium","BEL",2004,"14_2_1",0
"27","Belgium","BEL",2005,"14_2_1",0
"28","Belgium","BEL",2006,"14_2_1",0
"29","Belgium","BEL",2007,"14_2_1",0
"30","Belgium","BEL",2008,"14_2_1",0
"31","Belgium","BEL",2009,"14_2_1",0
"32","Belgium","BEL",2010,"14_2_1",0
"33","Belgium","BEL",2011,"14_2_1",0
"34","Belgium","BEL",2012,"14_2_1",0
"35","Belgium","BEL",2013,"14_2_1",0
"36","Belgium","BEL",2014,"14_2_1",0
"37","Belgium","BEL",2015,"14_2_1",0
"38","Belgium","BEL",2016,"14_2_1",0
"39","Belgium","BEL",2017,"14_2_1",0
"40","Belgium","BEL",2018,"14_2_1",0
"41","Belgium","BEL",2019,"14_2_1",0
"42","Belgium","BEL",2020,"14_2_1",0
"43","Belgium","BEL",2000,"14_5_1",80.79487
"44","Belgium","BEL",2001,"14_5_1",80.79487
"45","Belgium","BEL",2002,"14_5_1",82.00182
"46","Belgium","BEL",2003,"14_5_1",82.65622
"47","Belgium","BEL",2004,"14_5_1",82.65622
"48","Belgium","BEL",2005,"14_5_1",91.6602
"49","Belgium","BEL",2006,"14_5_1",91.6602
"50","Belgium","BEL",2007,"14_5_1",91.66264
"51","Belgium","BEL",2008,"14_5_1",91.66264
"52","Belgium","BEL",2009,"14_5_1",91.66264
"53","Belgium","BEL",2010,"14_5_1",91.66264
"54","Belgium","BEL",2011,"14_5_1",91.66264
"55","Belgium","BEL",2012,"14_5_1",91.66425
"56","Belgium","BEL",2013,"14_5_1",91.66425
"57","Belgium","BEL",2014,"14_5_1",91.66425
"58","Belgium","BEL",2015,"14_5_1",91.66425
"59","Belgium","BEL",2016,"14_5_1",91.66425
"60","Belgium","BEL",2017,"14_5_1",91.66425
"61","Belgium","BEL",2018,"14_5_1",91.66425
"62","Belgium","BEL",2019,"14_5_1",91.66425
"63","Belgium","BEL",2020,"14_5_1",91.66425
"64","Belgium","BEL",2000,"14_6_1",100
"65","Belgium","BEL",2001,"14_6_1",100
"66","Belgium","BEL",2002,"14_6_1",100
"67","Belgium","BEL",2003,"14_6_1",100
"68","Belgium","BEL",2004,"14_6_1",100
"69","Belgium","BEL",2005,"14_6_1",100
"70","Belgium","BEL",2006,"14_6_1",100
"71","Belgium","BEL",2007,"14_6_1",100
"72","Belgium","BEL",2008,"14_6_1",100
"73","Belgium","BEL",2009,"14_6_1",100
"74","Belgium","BEL",2010,"14_6_1",100
"75","Belgium","BEL",2011,"14_6_1",100
"76","Belgium","BEL",2012,"14_6_1",100
"77","Belgium","BEL",2013,"14_6_1",100
"78","Belgium","BEL",2014,"14_6_1",100
"79","Belgium","BEL",2015,"14_6_1",100
"80","Belgium","BEL",2016,"14_6_1",100
"81","Belgium","BEL",2017,"14_6_1",100
"82","Belgium","BEL",2018,"14_6_1",100
"83","Belgium","BEL",2019,"14_6_1",100
"84","Belgium","BEL",2020,"14_6_1",100
"85","Belgium","BEL",2000,"14_7_1",0.0799945315745297
"86","Belgium","BEL",2001,"14_7_1",0.0799945315745297
"87","Belgium","BEL",2002,"14_7_1",0.0799945315745297
"88","Belgium","BEL",2003,"14_7_1",0.0799945315745297
"89","Belgium","BEL",2004,"14_7_1",0.0799945315745297
"90","Belgium","BEL",2005,"14_7_1",0.0799945315745297
"91","Belgium","BEL",2006,"14_7_1",0.0799945315745297
"92","Belgium","BEL",2007,"14_7_1",0.0799945315745297
"93","Belgium","BEL",2008,"14_7_1",0.0799945315745297
"94","Belgium","BEL",2009,"14_7_1",0.0799945315745297
"95","Belgium","BEL",2010,"14_7_1",0.0799945315745297
"96","Belgium","BEL",2011,"14_7_1",0.0799945315745297
"97","Belgium","BEL",2012,"14_7_1",0.0698073956974306
"98","Belgium","BEL",2013,"14_7_1",0.0663426680789445
"99","Belgium","BEL",2014,"14_7_1",0.0675557643746206
"100","Belgium","BEL",2015,"14_7_1",0.0690556326859544
"101","Belgium","BEL",2016,"14_7_1",0.0707430160049982
"102","Belgium","BEL",2017,"14_7_1",0.0724303993240421
"103","Belgium","BEL",2018,"14_7_1",0.0679896150897904
"104","Belgium","BEL",2019,"14_7_1",0.0539774878365459
"105","Belgium","BEL",2020,"14_7_1",0.0539774878365459
"106","Belgium","BEL",2000,"14_a_1",4.50305509576101
"107","Belgium","BEL",2001,"14_a_1",4.50305509576101
"108","Belgium","BEL",2002,"14_a_1",4.50305509576101
"109","Belgium","BEL",2003,"14_a_1",4.50305509576101
"110","Belgium","BEL",2004,"14_a_1",4.50305509576101
"111","Belgium","BEL",2005,"14_a_1",4.50305509576101
"112","Belgium","BEL",2006,"14_a_1",4.50305509576101
"113","Belgium","BEL",2007,"14_a_1",4.50305509576101
"114","Belgium","BEL",2008,"14_a_1",4.50305509576101
"115","Belgium","BEL",2009,"14_a_1",4.50305509576101
"116","Belgium","BEL",2010,"14_a_1",4.50305509576101
"117","Belgium","BEL",2011,"14_a_1",4.50305509576101
"118","Belgium","BEL",2012,"14_a_1",4.50305509576101
"119","Belgium","BEL",2013,"14_a_1",4.50305509576101
"120","Belgium","BEL",2014,"14_a_1",4.26230207901234
"121","Belgium","BEL",2015,"14_a_1",3.50509716151526
"122","Belgium","BEL",2016,"14_a_1",3.26114299662145
"123","Belgium","BEL",2017,"14_a_1",3.06920748908609
"124","Belgium","BEL",2018,"14_a_1",3.06920748908609
"125","Belgium","BEL",2019,"14_a_1",3.06920748908609
"126","Belgium","BEL",2020,"14_a_1",3.06920748908609
"127","Belgium","BEL",2000,"14_b_1",75
"128","Belgium","BEL",2001,"14_b_1",75
"129","Belgium","BEL",2002,"14_b_1",75
"130","Belgium","BEL",2003,"14_b_1",75
"131","Belgium","BEL",2004,"14_b_1",75
"132","Belgium","BEL",2005,"14_b_1",75
"133","Belgium","BEL",2006,"14_b_1",75
"134","Belgium","BEL",2007,"14_b_1",75
"135","Belgium","BEL",2008,"14_b_1",75
"136","Belgium","BEL",2009,"14_b_1",75
"137","Belgium","BEL",2010,"14_b_1",75
"138","Belgium","BEL",2011,"14_b_1",75
"139","Belgium","BEL",2012,"14_b_1",75
"140","Belgium","BEL",2013,"14_b_1",75
"141","Belgium","BEL",2014,"14_b_1",75
"142","Belgium","BEL",2015,"14_b_1",75
"143","Belgium","BEL",2016,"14_b_1",75
"144","Belgium","BEL",2017,"14_b_1",75
"145","Belgium","BEL",2018,"14_b_1",75
"146","Belgium","BEL",2019,"14_b_1",81.25
"147","Belgium","BEL",2020,"14_b_1",87.5
"148","Bulgaria","BGR",2000,"14_1_1",72.102620508111
"149","Bulgaria","BGR",2001,"14_1_1",60.7454242167684
"150","Bulgaria","BGR",2002,"14_1_1",71.6832430003469
"151","Bulgaria","BGR",2003,"14_1_1",69.2349851171832
"152","Bulgaria","BGR",2004,"14_1_1",73.4344274584432
"153","Bulgaria","BGR",2005,"14_1_1",72.6750141335729
"154","Bulgaria","BGR",2006,"14_1_1",72.3349783164668
"155","Bulgaria","BGR",2007,"14_1_1",72.7090177152836
"156","Bulgaria","BGR",2008,"14_1_1",71.5472286735044
"157","Bulgaria","BGR",2009,"14_1_1",71.2355291744906
"158","Bulgaria","BGR",2010,"14_1_1",71.4225488738989
"159","Bulgaria","BGR",2011,"14_1_1",74.267515210353
"160","Bulgaria","BGR",2012,"14_1_1",73.1680660683767
"161","Bulgaria","BGR",2013,"14_1_1",71.632237627781
"162","Bulgaria","BGR",2014,"14_1_1",73.5591072580487
"163","Bulgaria","BGR",2015,"14_1_1",73.0433862687712
"164","Bulgaria","BGR",2016,"14_1_1",74.8429098732937
"165","Bulgaria","BGR",2017,"14_1_1",64.0769028663662
"166","Bulgaria","BGR",2018,"14_1_1",64.060620291567
"167","Bulgaria","BGR",2019,"14_1_1",64.4612823736376
"168","Bulgaria","BGR",2020,"14_1_1",65.1656524735347
"169","Bulgaria","BGR",2000,"14_2_1",0
"170","Bulgaria","BGR",2001,"14_2_1",0
"171","Bulgaria","BGR",2002,"14_2_1",0
"172","Bulgaria","BGR",2003,"14_2_1",0
"173","Bulgaria","BGR",2004,"14_2_1",0
"174","Bulgaria","BGR",2005,"14_2_1",0
"175","Bulgaria","BGR",2006,"14_2_1",0
"176","Bulgaria","BGR",2007,"14_2_1",0
"177","Bulgaria","BGR",2008,"14_2_1",0
"178","Bulgaria","BGR",2009,"14_2_1",0
"179","Bulgaria","BGR",2010,"14_2_1",0
"180","Bulgaria","BGR",2011,"14_2_1",0
"181","Bulgaria","BGR",2012,"14_2_1",0
"182","Bulgaria","BGR",2013,"14_2_1",0
"183","Bulgaria","BGR",2014,"14_2_1",0
"184","Bulgaria","BGR",2015,"14_2_1",0
"185","Bulgaria","BGR",2016,"14_2_1",0
"186","Bulgaria","BGR",2017,"14_2_1",0
"187","Bulgaria","BGR",2018,"14_2_1",0
"188","Bulgaria","BGR",2019,"14_2_1",0
"189","Bulgaria","BGR",2020,"14_2_1",100
"190","Bulgaria","BGR",2000,"14_5_1",17.9657
"191","Bulgaria","BGR",2001,"14_5_1",22.71506
"192","Bulgaria","BGR",2002,"14_5_1",49.35492
"193","Bulgaria","BGR",2003,"14_5_1",49.35492
"194","Bulgaria","BGR",2004,"14_5_1",49.35626
"195","Bulgaria","BGR",2005,"14_5_1",49.56331
"196","Bulgaria","BGR",2006,"14_5_1",49.56331
"197","Bulgaria","BGR",2007,"14_5_1",99.73037
"198","Bulgaria","BGR",2008,"14_5_1",99.73037
"199","Bulgaria","BGR",2009,"14_5_1",99.73037
"200","Bulgaria","BGR",2010,"14_5_1",99.73037
"201","Bulgaria","BGR",2011,"14_5_1",99.73037
"202","Bulgaria","BGR",2012,"14_5_1",99.73037
"203","Bulgaria","BGR",2013,"14_5_1",99.73037
"204","Bulgaria","BGR",2014,"14_5_1",99.73037
"205","Bulgaria","BGR",2015,"14_5_1",99.73037
"206","Bulgaria","BGR",2016,"14_5_1",99.73037
"207","Bulgaria","BGR",2017,"14_5_1",99.73037
"208","Bulgaria","BGR",2018,"14_5_1",99.73037
"209","Bulgaria","BGR",2019,"14_5_1",99.73037
"210","Bulgaria","BGR",2020,"14_5_1",99.73037
"211","Bulgaria","BGR",2000,"14_6_1",100
"212","Bulgaria","BGR",2001,"14_6_1",100
"213","Bulgaria","BGR",2002,"14_6_1",100
"214","Bulgaria","BGR",2003,"14_6_1",100
"215","Bulgaria","BGR",2004,"14_6_1",100
"216","Bulgaria","BGR",2005,"14_6_1",100
"217","Bulgaria","BGR",2006,"14_6_1",100
"218","Bulgaria","BGR",2007,"14_6_1",100
"219","Bulgaria","BGR",2008,"14_6_1",100
"220","Bulgaria","BGR",2009,"14_6_1",100
"221","Bulgaria","BGR",2010,"14_6_1",100
"222","Bulgaria","BGR",2011,"14_6_1",100
"223","Bulgaria","BGR",2012,"14_6_1",100
"224","Bulgaria","BGR",2013,"14_6_1",100
"225","Bulgaria","BGR",2014,"14_6_1",100
"226","Bulgaria","BGR",2015,"14_6_1",100
"227","Bulgaria","BGR",2016,"14_6_1",100
"228","Bulgaria","BGR",2017,"14_6_1",100
"229","Bulgaria","BGR",2018,"14_6_1",100
"230","Bulgaria","BGR",2019,"14_6_1",100
"231","Bulgaria","BGR",2020,"14_6_1",100
"232","Bulgaria","BGR",2000,"14_7_1",0.0586472564427937
"233","Bulgaria","BGR",2001,"14_7_1",0.0586472564427937
"234","Bulgaria","BGR",2002,"14_7_1",0.0586472564427937
"235","Bulgaria","BGR",2003,"14_7_1",0.0586472564427937
"236","Bulgaria","BGR",2004,"14_7_1",0.0586472564427937
"237","Bulgaria","BGR",2005,"14_7_1",0.0586472564427937
"238","Bulgaria","BGR",2006,"14_7_1",0.0586472564427937
"239","Bulgaria","BGR",2007,"14_7_1",0.0586472564427937
"240","Bulgaria","BGR",2008,"14_7_1",0.0586472564427937
"241","Bulgaria","BGR",2009,"14_7_1",0.0586472564427937
"242","Bulgaria","BGR",2010,"14_7_1",0.0586472564427937
"243","Bulgaria","BGR",2011,"14_7_1",0.0586472564427937
"244","Bulgaria","BGR",2012,"14_7_1",0.0512458015227264
"245","Bulgaria","BGR",2013,"14_7_1",0.0490804670462224
"246","Bulgaria","BGR",2014,"14_7_1",0.0511927460076492
"247","Bulgaria","BGR",2015,"14_7_1",0.053305024969076
"248","Bulgaria","BGR",2016,"14_7_1",0.0490587702108272
"249","Bulgaria","BGR",2017,"14_7_1",0.0448125154525785
"250","Bulgaria","BGR",2018,"14_7_1",0.0434040984882486
"251","Bulgaria","BGR",2019,"14_7_1",0.0424783604928157
"252","Bulgaria","BGR",2020,"14_7_1",0.0424783604928157
"253","Bulgaria","BGR",2000,"14_a_1",0.681817878679153
"254","Bulgaria","BGR",2001,"14_a_1",0.681817878679153
"255","Bulgaria","BGR",2002,"14_a_1",0.681817878679153
"256","Bulgaria","BGR",2003,"14_a_1",0.681817878679153
"257","Bulgaria","BGR",2004,"14_a_1",0.681817878679153
"258","Bulgaria","BGR",2005,"14_a_1",0.681817878679153
"259","Bulgaria","BGR",2006,"14_a_1",0.681817878679153
"260","Bulgaria","BGR",2007,"14_a_1",0.681817878679153
"261","Bulgaria","BGR",2008,"14_a_1",0.681817878679153
"262","Bulgaria","BGR",2009,"14_a_1",0.681817878679153
"263","Bulgaria","BGR",2010,"14_a_1",0.681817878679153
"264","Bulgaria","BGR",2011,"14_a_1",0.681817878679153
"265","Bulgaria","BGR",2012,"14_a_1",0.681817878679153
"266","Bulgaria","BGR",2013,"14_a_1",0.681817878679153
"267","Bulgaria","BGR",2014,"14_a_1",0.407186044061137
"268","Bulgaria","BGR",2015,"14_a_1",0.175636328229725
"269","Bulgaria","BGR",2016,"14_a_1",0.284608746337019
"270","Bulgaria","BGR",2017,"14_a_1",0.371840033291941
"271","Bulgaria","BGR",2018,"14_a_1",0.371840033291941
"272","Bulgaria","BGR",2019,"14_a_1",0.371840033291941
"273","Bulgaria","BGR",2020,"14_a_1",0.371840033291941
"274","Bulgaria","BGR",2000,"14_b_1",75
"275","Bulgaria","BGR",2001,"14_b_1",75
"276","Bulgaria","BGR",2002,"14_b_1",75
"277","Bulgaria","BGR",2003,"14_b_1",75
"278","Bulgaria","BGR",2004,"14_b_1",75
"279","Bulgaria","BGR",2005,"14_b_1",75
"280","Bulgaria","BGR",2006,"14_b_1",75
"281","Bulgaria","BGR",2007,"14_b_1",75
"282","Bulgaria","BGR",2008,"14_b_1",75
"283","Bulgaria","BGR",2009,"14_b_1",75
"284","Bulgaria","BGR",2010,"14_b_1",75
"285","Bulgaria","BGR",2011,"14_b_1",75
"286","Bulgaria","BGR",2012,"14_b_1",75
"287","Bulgaria","BGR",2013,"14_b_1",75
"288","Bulgaria","BGR",2014,"14_b_1",75
"289","Bulgaria","BGR",2015,"14_b_1",75
"290","Bulgaria","BGR",2016,"14_b_1",75
"291","Bulgaria","BGR",2017,"14_b_1",75
"292","Bulgaria","BGR",2018,"14_b_1",75
"293","Bulgaria","BGR",2019,"14_b_1",81.25
"294","Bulgaria","BGR",2020,"14_b_1",87.5
"295","Canada","CAN",2000,"14_1_1",93.2959068364201
"296","Canada","CAN",2001,"14_1_1",92.9898746010247
"297","Canada","CAN",2002,"14_1_1",92.7065114201029
"298","Canada","CAN",2003,"14_1_1",92.8368584833269
"299","Canada","CAN",2004,"14_1_1",92.9672055465509
"300","Canada","CAN",2005,"14_1_1",92.3948119210891
"301","Canada","CAN",2006,"14_1_1",92.2644648578651
"302","Canada","CAN",2007,"14_1_1",92.615835202208
"303","Canada","CAN",2008,"14_1_1",92.6895096292477
"304","Canada","CAN",2009,"14_1_1",92.4231482391812
"305","Canada","CAN",2010,"14_1_1",92.4344827664181
"306","Canada","CAN",2011,"14_1_1",92.6215024658264
"307","Canada","CAN",2012,"14_1_1",92.8651948014191
"308","Canada","CAN",2013,"14_1_1",93.0692162916827
"309","Canada","CAN",2014,"14_1_1",93.0522145008275
"310","Canada","CAN",2015,"14_1_1",92.8538602741823
"311","Canada","CAN",2016,"14_1_1",73.974177766433
"312","Canada","CAN",2017,"14_1_1",72.0578102240477
"313","Canada","CAN",2018,"14_1_1",71.8550892900318
"314","Canada","CAN",2019,"14_1_1",72.3028031158881
"315","Canada","CAN",2020,"14_1_1",72.3028031158881
"316","Canada","CAN",2000,"14_2_1",0
"317","Canada","CAN",2001,"14_2_1",0
"318","Canada","CAN",2002,"14_2_1",0
"319","Canada","CAN",2003,"14_2_1",0
"320","Canada","CAN",2004,"14_2_1",0
"321","Canada","CAN",2005,"14_2_1",0
"322","Canada","CAN",2006,"14_2_1",0
"323","Canada","CAN",2007,"14_2_1",0
"324","Canada","CAN",2008,"14_2_1",0
"325","Canada","CAN",2009,"14_2_1",0
"326","Canada","CAN",2010,"14_2_1",0
"327","Canada","CAN",2011,"14_2_1",0
"328","Canada","CAN",2012,"14_2_1",0
"329","Canada","CAN",2013,"14_2_1",0
"330","Canada","CAN",2014,"14_2_1",0
"331","Canada","CAN",2015,"14_2_1",0
"332","Canada","CAN",2016,"14_2_1",0
"333","Canada","CAN",2017,"14_2_1",0
"334","Canada","CAN",2018,"14_2_1",0
"335","Canada","CAN",2019,"14_2_1",0
"336","Canada","CAN",2020,"14_2_1",0
"337","Canada","CAN",2000,"14_5_1",19.27777
"338","Canada","CAN",2001,"14_5_1",19.28377
"339","Canada","CAN",2002,"14_5_1",19.28377
"340","Canada","CAN",2003,"14_5_1",19.2939
"341","Canada","CAN",2004,"14_5_1",19.31085
"342","Canada","CAN",2005,"14_5_1",22.51533
"343","Canada","CAN",2006,"14_5_1",22.62027
"344","Canada","CAN",2007,"14_5_1",22.69304
"345","Canada","CAN",2008,"14_5_1",24.7376
"346","Canada","CAN",2009,"14_5_1",25.21179
"347","Canada","CAN",2010,"14_5_1",30.11392
"348","Canada","CAN",2011,"14_5_1",30.17493
"349","Canada","CAN",2012,"14_5_1",30.1763
"350","Canada","CAN",2013,"14_5_1",30.17671
"351","Canada","CAN",2014,"14_5_1",30.21813
"352","Canada","CAN",2015,"14_5_1",30.39301
"353","Canada","CAN",2016,"14_5_1",30.82969
"354","Canada","CAN",2017,"14_5_1",32.96573
"355","Canada","CAN",2018,"14_5_1",32.96573
"356","Canada","CAN",2019,"14_5_1",32.96573
"357","Canada","CAN",2020,"14_5_1",32.96573
"358","Canada","CAN",2000,"14_6_1",100
"359","Canada","CAN",2001,"14_6_1",100
"360","Canada","CAN",2002,"14_6_1",100
"361","Canada","CAN",2003,"14_6_1",100
"362","Canada","CAN",2004,"14_6_1",100
"363","Canada","CAN",2005,"14_6_1",100
"364","Canada","CAN",2006,"14_6_1",100
"365","Canada","CAN",2007,"14_6_1",100
"366","Canada","CAN",2008,"14_6_1",100
"367","Canada","CAN",2009,"14_6_1",100
"368","Canada","CAN",2010,"14_6_1",100
"369","Canada","CAN",2011,"14_6_1",100
"370","Canada","CAN",2012,"14_6_1",100
"371","Canada","CAN",2013,"14_6_1",100
"372","Canada","CAN",2014,"14_6_1",100
"373","Canada","CAN",2015,"14_6_1",100
"374","Canada","CAN",2016,"14_6_1",100
"375","Canada","CAN",2017,"14_6_1",100
"376","Canada","CAN",2018,"14_6_1",100
"377","Canada","CAN",2019,"14_6_1",100
"378","Canada","CAN",2020,"14_6_1",100
"379","Canada","CAN",2000,"14_7_1",0.442596846526006
"380","Canada","CAN",2001,"14_7_1",0.442596846526006
"381","Canada","CAN",2002,"14_7_1",0.442596846526006
"382","Canada","CAN",2003,"14_7_1",0.442596846526006
"383","Canada","CAN",2004,"14_7_1",0.442596846526006
"384","Canada","CAN",2005,"14_7_1",0.442596846526006
"385","Canada","CAN",2006,"14_7_1",0.442596846526006
"386","Canada","CAN",2007,"14_7_1",0.442596846526006
"387","Canada","CAN",2008,"14_7_1",0.442596846526006
"388","Canada","CAN",2009,"14_7_1",0.442596846526006
"389","Canada","CAN",2010,"14_7_1",0.442596846526006
"390","Canada","CAN",2011,"14_7_1",0.442596846526006
"391","Canada","CAN",2012,"14_7_1",0.362036505771763
"392","Canada","CAN",2013,"14_7_1",0.33107658137111
"393","Canada","CAN",2014,"14_7_1",0.403848864846027
"394","Canada","CAN",2015,"14_7_1",0.476621148320943
"395","Canada","CAN",2016,"14_7_1",0.468521351129415
"396","Canada","CAN",2017,"14_7_1",0.45064484017998
"397","Canada","CAN",2018,"14_7_1",0.45064484017998
"398","Canada","CAN",2019,"14_7_1",0.45064484017998
"399","Canada","CAN",2020,"14_7_1",0.45064484017998
"400","Canada","CAN",2000,"14_a_1",11.3211005013798
"401","Canada","CAN",2001,"14_a_1",11.3211005013798
"402","Canada","CAN",2002,"14_a_1",11.3211005013798
"403","Canada","CAN",2003,"14_a_1",11.3211005013798
"404","Canada","CAN",2004,"14_a_1",11.3211005013798
"405","Canada","CAN",2005,"14_a_1",11.3211005013798
"406","Canada","CAN",2006,"14_a_1",11.3211005013798
"407","Canada","CAN",2007,"14_a_1",11.3211005013798
"408","Canada","CAN",2008,"14_a_1",11.3211005013798
"409","Canada","CAN",2009,"14_a_1",11.3211005013798
"410","Canada","CAN",2010,"14_a_1",11.3211005013798
"411","Canada","CAN",2011,"14_a_1",11.3211005013798
"412","Canada","CAN",2012,"14_a_1",11.3211005013798
"413","Canada","CAN",2013,"14_a_1",11.3211005013798
"414","Canada","CAN",2014,"14_a_1",9.93647054743635
"415","Canada","CAN",2015,"14_a_1",8.84741327222697
"416","Canada","CAN",2016,"14_a_1",8.42339452416934
"417","Canada","CAN",2017,"14_a_1",10.2988671937001
"418","Canada","CAN",2018,"14_a_1",10.2988671937001
"419","Canada","CAN",2019,"14_a_1",10.2988671937001
"420","Canada","CAN",2020,"14_a_1",10.2988671937001
"421","Canada","CAN",2000,"14_b_1",75
"422","Canada","CAN",2001,"14_b_1",75
"423","Canada","CAN",2002,"14_b_1",75
"424","Canada","CAN",2003,"14_b_1",75
"425","Canada","CAN",2004,"14_b_1",75
"426","Canada","CAN",2005,"14_b_1",75
"427","Canada","CAN",2006,"14_b_1",75
"428","Canada","CAN",2007,"14_b_1",75
"429","Canada","CAN",2008,"14_b_1",75
"430","Canada","CAN",2009,"14_b_1",75
"431","Canada","CAN",2010,"14_b_1",75
"432","Canada","CAN",2011,"14_b_1",75
"433","Canada","CAN",2012,"14_b_1",75
"434","Canada","CAN",2013,"14_b_1",75
"435","Canada","CAN",2014,"14_b_1",75
"436","Canada","CAN",2015,"14_b_1",75
"437","Canada","CAN",2016,"14_b_1",75
"438","Canada","CAN",2017,"14_b_1",75
"439","Canada","CAN",2018,"14_b_1",75
"440","Canada","CAN",2019,"14_b_1",75
"441","Canada","CAN",2020,"14_b_1",75
"442","Germany","DEU",2000,"14_1_1",74.4084644950522
"443","Germany","DEU",2001,"14_1_1",75.8649512449898
"444","Germany","DEU",2002,"14_1_1",74.3914627041969
"445","Germany","DEU",2003,"14_1_1",76.545022879202
"446","Germany","DEU",2004,"14_1_1",74.4481353403812
"447","Germany","DEU",2005,"14_1_1",74.6181532489343
"448","Germany","DEU",2006,"14_1_1",75.2982248831464
"449","Germany","DEU",2007,"14_1_1",75.0431980203169
"450","Germany","DEU",2008,"14_1_1",74.4368008131443
"451","Germany","DEU",2009,"14_1_1",73.8360708695903
"452","Germany","DEU",2010,"14_1_1",76.80571700565
"453","Germany","DEU",2011,"14_1_1",76.8000497420315
"454","Germany","DEU",2012,"14_1_1",76.0349691535429
"455","Germany","DEU",2013,"14_1_1",75.0601998111721
"456","Germany","DEU",2014,"14_1_1",76.0859745261088
"457","Germany","DEU",2015,"14_1_1",76.1199781078194
"458","Germany","DEU",2016,"14_1_1",64.7849970626431
"459","Germany","DEU",2017,"14_1_1",80.1415876894724
"460","Germany","DEU",2018,"14_1_1",70.7456366917734
"461","Germany","DEU",2019,"14_1_1",83.5795175192534
"462","Germany","DEU",2020,"14_1_1",83.5795175192534
"463","Germany","DEU",2000,"14_2_1",0
"464","Germany","DEU",2001,"14_2_1",0
"465","Germany","DEU",2002,"14_2_1",0
"466","Germany","DEU",2003,"14_2_1",0
"467","Germany","DEU",2004,"14_2_1",0
"468","Germany","DEU",2005,"14_2_1",0
"469","Germany","DEU",2006,"14_2_1",0
"470","Germany","DEU",2007,"14_2_1",0
"471","Germany","DEU",2008,"14_2_1",0
"472","Germany","DEU",2009,"14_2_1",0
"473","Germany","DEU",2010,"14_2_1",0
"474","Germany","DEU",2011,"14_2_1",0
"475","Germany","DEU",2012,"14_2_1",0
"476","Germany","DEU",2013,"14_2_1",0
"477","Germany","DEU",2014,"14_2_1",0
"478","Germany","DEU",2015,"14_2_1",0
"479","Germany","DEU",2016,"14_2_1",0
"480","Germany","DEU",2017,"14_2_1",0
"481","Germany","DEU",2018,"14_2_1",0
"482","Germany","DEU",2019,"14_2_1",0
"483","Germany","DEU",2020,"14_2_1",100
"484","Germany","DEU",2000,"14_5_1",38.10811
"485","Germany","DEU",2001,"14_5_1",44.75861
"486","Germany","DEU",2002,"14_5_1",44.78105
"487","Germany","DEU",2003,"14_5_1",44.87682
"488","Germany","DEU",2004,"14_5_1",60.66733
"489","Germany","DEU",2005,"14_5_1",61.06231
"490","Germany","DEU",2006,"14_5_1",63.59527
"491","Germany","DEU",2007,"14_5_1",65.71386
"492","Germany","DEU",2008,"14_5_1",68.43515
"493","Germany","DEU",2009,"14_5_1",68.5174
"494","Germany","DEU",2010,"14_5_1",68.58299
"495","Germany","DEU",2011,"14_5_1",69.31167
"496","Germany","DEU",2012,"14_5_1",69.31506
"497","Germany","DEU",2013,"14_5_1",69.33112
"498","Germany","DEU",2014,"14_5_1",69.33112
"499","Germany","DEU",2015,"14_5_1",69.43513
"500","Germany","DEU",2016,"14_5_1",69.43725
"501","Germany","DEU",2017,"14_5_1",69.44827
"502","Germany","DEU",2018,"14_5_1",69.44827
"503","Germany","DEU",2019,"14_5_1",69.44827
"504","Germany","DEU",2020,"14_5_1",69.44827
"505","Germany","DEU",2000,"14_6_1",100
"506","Germany","DEU",2001,"14_6_1",100
"507","Germany","DEU",2002,"14_6_1",100
"508","Germany","DEU",2003,"14_6_1",100
"509","Germany","DEU",2004,"14_6_1",100
"510","Germany","DEU",2005,"14_6_1",100
"511","Germany","DEU",2006,"14_6_1",100
"512","Germany","DEU",2007,"14_6_1",100
"513","Germany","DEU",2008,"14_6_1",100
"514","Germany","DEU",2009,"14_6_1",100
"515","Germany","DEU",2010,"14_6_1",100
"516","Germany","DEU",2011,"14_6_1",100
"517","Germany","DEU",2012,"14_6_1",100
"518","Germany","DEU",2013,"14_6_1",100
"519","Germany","DEU",2014,"14_6_1",100
"520","Germany","DEU",2015,"14_6_1",100
"521","Germany","DEU",2016,"14_6_1",100
"522","Germany","DEU",2017,"14_6_1",100
"523","Germany","DEU",2018,"14_6_1",100
"524","Germany","DEU",2019,"14_6_1",100
"525","Germany","DEU",2020,"14_6_1",100
"526","Germany","DEU",2000,"14_7_1",0.0397232596429031
"527","Germany","DEU",2001,"14_7_1",0.0397232596429031
"528","Germany","DEU",2002,"14_7_1",0.0397232596429031
"529","Germany","DEU",2003,"14_7_1",0.0397232596429031
"530","Germany","DEU",2004,"14_7_1",0.0397232596429031
"531","Germany","DEU",2005,"14_7_1",0.0397232596429031
"532","Germany","DEU",2006,"14_7_1",0.0397232596429031
"533","Germany","DEU",2007,"14_7_1",0.0397232596429031
"534","Germany","DEU",2008,"14_7_1",0.0397232596429031
"535","Germany","DEU",2009,"14_7_1",0.0397232596429031
"536","Germany","DEU",2010,"14_7_1",0.0397232596429031
"537","Germany","DEU",2011,"14_7_1",0.0397232596429031
"538","Germany","DEU",2012,"14_7_1",0.0394040850596678
"539","Germany","DEU",2013,"14_7_1",0.0388806747565092
"540","Germany","DEU",2014,"14_7_1",0.0365170697312188
"541","Germany","DEU",2015,"14_7_1",0.0341534647059283
"542","Germany","DEU",2016,"14_7_1",0.0352018079886636
"543","Germany","DEU",2017,"14_7_1",0.0380740605711911
"544","Germany","DEU",2018,"14_7_1",0.0380740605711911
"545","Germany","DEU",2019,"14_7_1",0.0380740605711911
"546","Germany","DEU",2020,"14_7_1",0.0380740605711911
"547","Germany","DEU",2000,"14_a_1",3.81360781400262
"548","Germany","DEU",2001,"14_a_1",3.81360781400262
"549","Germany","DEU",2002,"14_a_1",3.81360781400262
"550","Germany","DEU",2003,"14_a_1",3.81360781400262
"551","Germany","DEU",2004,"14_a_1",3.81360781400262
"552","Germany","DEU",2005,"14_a_1",3.81360781400262
"553","Germany","DEU",2006,"14_a_1",3.81360781400262
"554","Germany","DEU",2007,"14_a_1",3.81360781400262
"555","Germany","DEU",2008,"14_a_1",3.81360781400262
"556","Germany","DEU",2009,"14_a_1",3.81360781400262
"557","Germany","DEU",2010,"14_a_1",3.81360781400262
"558","Germany","DEU",2011,"14_a_1",3.81360781400262
"559","Germany","DEU",2012,"14_a_1",3.81360781400262
"560","Germany","DEU",2013,"14_a_1",3.81360781400262
"561","Germany","DEU",2014,"14_a_1",3.59112801791576
"562","Germany","DEU",2015,"14_a_1",2.80484600476704
"563","Germany","DEU",2016,"14_a_1",2.87033616056959
"564","Germany","DEU",2017,"14_a_1",2.79617622854064
"565","Germany","DEU",2018,"14_a_1",2.79617622854064
"566","Germany","DEU",2019,"14_a_1",2.79617622854064
"567","Germany","DEU",2020,"14_a_1",2.79617622854064
"568","Germany","DEU",2000,"14_b_1",75
"569","Germany","DEU",2001,"14_b_1",75
"570","Germany","DEU",2002,"14_b_1",75
"571","Germany","DEU",2003,"14_b_1",75
"572","Germany","DEU",2004,"14_b_1",75
"573","Germany","DEU",2005,"14_b_1",75
"574","Germany","DEU",2006,"14_b_1",75
"575","Germany","DEU",2007,"14_b_1",75
"576","Germany","DEU",2008,"14_b_1",75
"577","Germany","DEU",2009,"14_b_1",75
"578","Germany","DEU",2010,"14_b_1",75
"579","Germany","DEU",2011,"14_b_1",75
"580","Germany","DEU",2012,"14_b_1",75
"581","Germany","DEU",2013,"14_b_1",75
"582","Germany","DEU",2014,"14_b_1",75
"583","Germany","DEU",2015,"14_b_1",75
"584","Germany","DEU",2016,"14_b_1",75
"585","Germany","DEU",2017,"14_b_1",75
"586","Germany","DEU",2018,"14_b_1",75
"587","Germany","DEU",2019,"14_b_1",81.25
"588","Germany","DEU",2020,"14_b_1",87.5
"589","Spain","ESP",2000,"14_1_1",66.1848900140126
"590","Spain","ESP",2001,"14_1_1",66.8366253301325
"591","Spain","ESP",2002,"14_1_1",66.6722746851979
"592","Spain","ESP",2003,"14_1_1",66.400246031513
"593","Spain","ESP",2004,"14_1_1",65.2554587805893
"594","Spain","ESP",2005,"14_1_1",65.3971403710501
"595","Spain","ESP",2006,"14_1_1",65.3574695257211
"596","Spain","ESP",2007,"14_1_1",66.020539369078
"597","Spain","ESP",2008,"14_1_1",66.3889115042762
"598","Spain","ESP",2009,"14_1_1",65.7825142971037
"599","Spain","ESP",2010,"14_1_1",65.57849280684
"600","Spain","ESP",2011,"14_1_1",66.1905572776309
"601","Spain","ESP",2012,"14_1_1",64.9607610724307
"602","Spain","ESP",2013,"14_1_1",64.807744954733
"603","Spain","ESP",2014,"14_1_1",65.368804052958
"604","Spain","ESP",2015,"14_1_1",63.6062850676249
"605","Spain","ESP",2016,"14_1_1",62.1596965460914
"606","Spain","ESP",2017,"14_1_1",64.9173045135222
"607","Spain","ESP",2018,"14_1_1",66.3136373261022
"608","Spain","ESP",2019,"14_1_1",67.5878227654291
"609","Spain","ESP",2020,"14_1_1",73.9038808907994
"610","Spain","ESP",2000,"14_2_1",0
"611","Spain","ESP",2001,"14_2_1",0
"612","Spain","ESP",2002,"14_2_1",0
"613","Spain","ESP",2003,"14_2_1",0
"614","Spain","ESP",2004,"14_2_1",0
"615","Spain","ESP",2005,"14_2_1",0
"616","Spain","ESP",2006,"14_2_1",0
"617","Spain","ESP",2007,"14_2_1",0
"618","Spain","ESP",2008,"14_2_1",0
"619","Spain","ESP",2009,"14_2_1",0
"620","Spain","ESP",2010,"14_2_1",0
"621","Spain","ESP",2011,"14_2_1",0
"622","Spain","ESP",2012,"14_2_1",0
"623","Spain","ESP",2013,"14_2_1",0
"624","Spain","ESP",2014,"14_2_1",0
"625","Spain","ESP",2015,"14_2_1",0
"626","Spain","ESP",2016,"14_2_1",0
"627","Spain","ESP",2017,"14_2_1",0
"628","Spain","ESP",2018,"14_2_1",0
"629","Spain","ESP",2019,"14_2_1",0
"630","Spain","ESP",2020,"14_2_1",0
"631","Spain","ESP",2000,"14_5_1",52.09491
"632","Spain","ESP",2001,"14_5_1",53.54756
"633","Spain","ESP",2002,"14_5_1",53.70634
"634","Spain","ESP",2003,"14_5_1",55.26883
"635","Spain","ESP",2004,"14_5_1",56.20477
"636","Spain","ESP",2005,"14_5_1",56.34287
"637","Spain","ESP",2006,"14_5_1",58.14041
"638","Spain","ESP",2007,"14_5_1",58.56068
"639","Spain","ESP",2008,"14_5_1",58.62135
"640","Spain","ESP",2009,"14_5_1",58.63029
"641","Spain","ESP",2010,"14_5_1",58.6472
"642","Spain","ESP",2011,"14_5_1",58.85285
"643","Spain","ESP",2012,"14_5_1",58.88714
"644","Spain","ESP",2013,"14_5_1",58.88799
"645","Spain","ESP",2014,"14_5_1",84.12094
"646","Spain","ESP",2015,"14_5_1",84.12451
"647","Spain","ESP",2016,"14_5_1",84.12451
"648","Spain","ESP",2017,"14_5_1",84.12451
"649","Spain","ESP",2018,"14_5_1",84.12451
"650","Spain","ESP",2019,"14_5_1",84.12451
"651","Spain","ESP",2020,"14_5_1",84.12451
"652","Spain","ESP",2000,"14_6_1",100
"653","Spain","ESP",2001,"14_6_1",100
"654","Spain","ESP",2002,"14_6_1",100
"655","Spain","ESP",2003,"14_6_1",100
"656","Spain","ESP",2004,"14_6_1",100
"657","Spain","ESP",2005,"14_6_1",100
"658","Spain","ESP",2006,"14_6_1",100
"659","Spain","ESP",2007,"14_6_1",100
"660","Spain","ESP",2008,"14_6_1",100
"661","Spain","ESP",2009,"14_6_1",100
"662","Spain","ESP",2010,"14_6_1",100
"663","Spain","ESP",2011,"14_6_1",100
"664","Spain","ESP",2012,"14_6_1",100
"665","Spain","ESP",2013,"14_6_1",100
"666","Spain","ESP",2014,"14_6_1",100
"667","Spain","ESP",2015,"14_6_1",100
"668","Spain","ESP",2016,"14_6_1",100
"669","Spain","ESP",2017,"14_6_1",100
"670","Spain","ESP",2018,"14_6_1",100
"671","Spain","ESP",2019,"14_6_1",100
"672","Spain","ESP",2020,"14_6_1",100
"673","Spain","ESP",2000,"14_7_1",0.507343565553138
"674","Spain","ESP",2001,"14_7_1",0.507343565553138
"675","Spain","ESP",2002,"14_7_1",0.507343565553138
"676","Spain","ESP",2003,"14_7_1",0.507343565553138
"677","Spain","ESP",2004,"14_7_1",0.507343565553138
"678","Spain","ESP",2005,"14_7_1",0.507343565553138
"679","Spain","ESP",2006,"14_7_1",0.507343565553138
"680","Spain","ESP",2007,"14_7_1",0.507343565553138
"681","Spain","ESP",2008,"14_7_1",0.507343565553138
"682","Spain","ESP",2009,"14_7_1",0.507343565553138
"683","Spain","ESP",2010,"14_7_1",0.507343565553138
"684","Spain","ESP",2011,"14_7_1",0.507343565553138
"685","Spain","ESP",2012,"14_7_1",0.514794524539713
"686","Spain","ESP",2013,"14_7_1",0.516346792185776
"687","Spain","ESP",2014,"14_7_1",0.508484539606585
"688","Spain","ESP",2015,"14_7_1",0.500622287027394
"689","Spain","ESP",2016,"14_7_1",0.52830426986945
"690","Spain","ESP",2017,"14_7_1",0.555986252711507
"691","Spain","ESP",2018,"14_7_1",0.52137452438738
"692","Spain","ESP",2019,"14_7_1",0.393526451402001
"693","Spain","ESP",2020,"14_7_1",0.393526451402001
"694","Spain","ESP",2000,"14_a_1",6.12216915133561
"695","Spain","ESP",2001,"14_a_1",6.12216915133561
"696","Spain","ESP",2002,"14_a_1",6.12216915133561
"697","Spain","ESP",2003,"14_a_1",6.12216915133561
"698","Spain","ESP",2004,"14_a_1",6.12216915133561
"699","Spain","ESP",2005,"14_a_1",6.12216915133561
"700","Spain","ESP",2006,"14_a_1",6.12216915133561
"701","Spain","ESP",2007,"14_a_1",6.12216915133561
"702","Spain","ESP",2008,"14_a_1",6.12216915133561
"703","Spain","ESP",2009,"14_a_1",6.12216915133561
"704","Spain","ESP",2010,"14_a_1",6.12216915133561
"705","Spain","ESP",2011,"14_a_1",6.12216915133561
"706","Spain","ESP",2012,"14_a_1",6.12216915133561
"707","Spain","ESP",2013,"14_a_1",6.12216915133561
"708","Spain","ESP",2014,"14_a_1",6.12216915133561
"709","Spain","ESP",2015,"14_a_1",6.12216915133561
"710","Spain","ESP",2016,"14_a_1",6.12216915133561
"711","Spain","ESP",2017,"14_a_1",5.55703312254662
"712","Spain","ESP",2018,"14_a_1",5.55703312254662
"713","Spain","ESP",2019,"14_a_1",5.55703312254662
"714","Spain","ESP",2020,"14_a_1",5.55703312254662
"715","Spain","ESP",2000,"14_b_1",75
"716","Spain","ESP",2001,"14_b_1",75
"717","Spain","ESP",2002,"14_b_1",75
"718","Spain","ESP",2003,"14_b_1",75
"719","Spain","ESP",2004,"14_b_1",75
"720","Spain","ESP",2005,"14_b_1",75
"721","Spain","ESP",2006,"14_b_1",75
"722","Spain","ESP",2007,"14_b_1",75
"723","Spain","ESP",2008,"14_b_1",75
"724","Spain","ESP",2009,"14_b_1",75
"725","Spain","ESP",2010,"14_b_1",75
"726","Spain","ESP",2011,"14_b_1",75
"727","Spain","ESP",2012,"14_b_1",75
"728","Spain","ESP",2013,"14_b_1",75
"729","Spain","ESP",2014,"14_b_1",75
"730","Spain","ESP",2015,"14_b_1",75
"731","Spain","ESP",2016,"14_b_1",75
"732","Spain","ESP",2017,"14_b_1",75
"733","Spain","ESP",2018,"14_b_1",75
"734","Spain","ESP",2019,"14_b_1",81.25
"735","Spain","ESP",2020,"14_b_1",87.5
"736","Finland","FIN",2000,"14_1_1",82.8798944548462
"737","Finland","FIN",2001,"14_1_1",83.3162737534657
"738","Finland","FIN",2002,"14_1_1",81.2420552691187
"739","Finland","FIN",2003,"14_1_1",81.729439940304
"740","Finland","FIN",2004,"14_1_1",82.3585062019503
"741","Finland","FIN",2005,"14_1_1",81.12870999675
"742","Finland","FIN",2006,"14_1_1",82.3018335657659
"743","Finland","FIN",2007,"14_1_1",81.7804453128699
"744","Finland","FIN",2008,"14_1_1",80.9020194520126
"745","Finland","FIN",2009,"14_1_1",82.3868425200424
"746","Finland","FIN",2010,"14_1_1",81.7521089947778
"747","Finland","FIN",2011,"14_1_1",82.590864010306
"748","Finland","FIN",2012,"14_1_1",80.0802662273396
"749","Finland","FIN",2013,"14_1_1",81.7974471037253
"750","Finland","FIN",2014,"14_1_1",79.7175613557598
"751","Finland","FIN",2015,"14_1_1",77.7226845620709
"752","Finland","FIN",2016,"14_1_1",81.208051687408
"753","Finland","FIN",2017,"14_1_1",81.0777046241841
"754","Finland","FIN",2018,"14_1_1",73.9154999476631
"755","Finland","FIN",2019,"14_1_1",72.753710905884
"756","Finland","FIN",2020,"14_1_1",72.753710905884
"757","Finland","FIN",2000,"14_2_1",0
"758","Finland","FIN",2001,"14_2_1",0
"759","Finland","FIN",2002,"14_2_1",0
"760","Finland","FIN",2003,"14_2_1",0
"761","Finland","FIN",2004,"14_2_1",0
"762","Finland","FIN",2005,"14_2_1",0
"763","Finland","FIN",2006,"14_2_1",0
"764","Finland","FIN",2007,"14_2_1",0
"765","Finland","FIN",2008,"14_2_1",0
"766","Finland","FIN",2009,"14_2_1",0
"767","Finland","FIN",2010,"14_2_1",0
"768","Finland","FIN",2011,"14_2_1",0
"769","Finland","FIN",2012,"14_2_1",0
"770","Finland","FIN",2013,"14_2_1",0
"771","Finland","FIN",2014,"14_2_1",0
"772","Finland","FIN",2015,"14_2_1",0
"773","Finland","FIN",2016,"14_2_1",0
"774","Finland","FIN",2017,"14_2_1",0
"775","Finland","FIN",2018,"14_2_1",0
"776","Finland","FIN",2019,"14_2_1",0
"777","Finland","FIN",2020,"14_2_1",100
"778","Finland","FIN",2000,"14_5_1",53.97575
"779","Finland","FIN",2001,"14_5_1",54.07965
"780","Finland","FIN",2002,"14_5_1",54.08016
"781","Finland","FIN",2003,"14_5_1",54.08327
"782","Finland","FIN",2004,"14_5_1",55.60329
"783","Finland","FIN",2005,"14_5_1",59.24504
"784","Finland","FIN",2006,"14_5_1",59.40616
"785","Finland","FIN",2007,"14_5_1",59.45659
"786","Finland","FIN",2008,"14_5_1",59.47899
"787","Finland","FIN",2009,"14_5_1",59.64182
"788","Finland","FIN",2010,"14_5_1",59.72502
"789","Finland","FIN",2011,"14_5_1",60.68657
"790","Finland","FIN",2012,"14_5_1",60.87466
"791","Finland","FIN",2013,"14_5_1",60.88684
"792","Finland","FIN",2014,"14_5_1",60.89797
"793","Finland","FIN",2015,"14_5_1",60.89995
"794","Finland","FIN",2016,"14_5_1",60.97463
"795","Finland","FIN",2017,"14_5_1",60.97463
"796","Finland","FIN",2018,"14_5_1",60.97488
"797","Finland","FIN",2019,"14_5_1",60.97488
"798","Finland","FIN",2020,"14_5_1",60.97488
"799","Finland","FIN",2000,"14_6_1",100
"800","Finland","FIN",2001,"14_6_1",100
"801","Finland","FIN",2002,"14_6_1",100
"802","Finland","FIN",2003,"14_6_1",100
"803","Finland","FIN",2004,"14_6_1",100
"804","Finland","FIN",2005,"14_6_1",100
"805","Finland","FIN",2006,"14_6_1",100
"806","Finland","FIN",2007,"14_6_1",100
"807","Finland","FIN",2008,"14_6_1",100
"808","Finland","FIN",2009,"14_6_1",100
"809","Finland","FIN",2010,"14_6_1",100
"810","Finland","FIN",2011,"14_6_1",100
"811","Finland","FIN",2012,"14_6_1",100
"812","Finland","FIN",2013,"14_6_1",100
"813","Finland","FIN",2014,"14_6_1",100
"814","Finland","FIN",2015,"14_6_1",100
"815","Finland","FIN",2016,"14_6_1",100
"816","Finland","FIN",2017,"14_6_1",100
"817","Finland","FIN",2018,"14_6_1",100
"818","Finland","FIN",2019,"14_6_1",100
"819","Finland","FIN",2020,"14_6_1",100
"820","Finland","FIN",2000,"14_7_1",0.328299258324224
"821","Finland","FIN",2001,"14_7_1",0.328299258324224
"822","Finland","FIN",2002,"14_7_1",0.328299258324224
"823","Finland","FIN",2003,"14_7_1",0.328299258324224
"824","Finland","FIN",2004,"14_7_1",0.328299258324224
"825","Finland","FIN",2005,"14_7_1",0.328299258324224
"826","Finland","FIN",2006,"14_7_1",0.328299258324224
"827","Finland","FIN",2007,"14_7_1",0.328299258324224
"828","Finland","FIN",2008,"14_7_1",0.328299258324224
"829","Finland","FIN",2009,"14_7_1",0.328299258324224
"830","Finland","FIN",2010,"14_7_1",0.328299258324224
"831","Finland","FIN",2011,"14_7_1",0.328299258324224
"832","Finland","FIN",2012,"14_7_1",0.31459459033528
"833","Finland","FIN",2013,"14_7_1",0.29776663875993
"834","Finland","FIN",2014,"14_7_1",0.270333023878802
"835","Finland","FIN",2015,"14_7_1",0.242899408997675
"836","Finland","FIN",2016,"14_7_1",0.268450758136323
"837","Finland","FIN",2017,"14_7_1",0.294002107274971
"838","Finland","FIN",2018,"14_7_1",0.284125332562954
"839","Finland","FIN",2019,"14_7_1",0.259017650856538
"840","Finland","FIN",2020,"14_7_1",0.259017650856538
"841","Finland","FIN",2000,"14_a_1",3.72744357642941
"842","Finland","FIN",2001,"14_a_1",3.72744357642941
"843","Finland","FIN",2002,"14_a_1",3.72744357642941
"844","Finland","FIN",2003,"14_a_1",3.72744357642941
"845","Finland","FIN",2004,"14_a_1",3.72744357642941
"846","Finland","FIN",2005,"14_a_1",3.72744357642941
"847","Finland","FIN",2006,"14_a_1",3.72744357642941
"848","Finland","FIN",2007,"14_a_1",3.72744357642941
"849","Finland","FIN",2008,"14_a_1",3.72744357642941
"850","Finland","FIN",2009,"14_a_1",3.72744357642941
"851","Finland","FIN",2010,"14_a_1",3.72744357642941
"852","Finland","FIN",2011,"14_a_1",3.72744357642941
"853","Finland","FIN",2012,"14_a_1",3.72744357642941
"854","Finland","FIN",2013,"14_a_1",3.72744357642941
"855","Finland","FIN",2014,"14_a_1",4.04088933230719
"856","Finland","FIN",2015,"14_a_1",3.63274294380251
"857","Finland","FIN",2016,"14_a_1",3.78799862884155
"858","Finland","FIN",2017,"14_a_1",3.74371607950052
"859","Finland","FIN",2018,"14_a_1",3.74371607950052
"860","Finland","FIN",2019,"14_a_1",3.74371607950052
"861","Finland","FIN",2020,"14_a_1",3.74371607950052
"862","Finland","FIN",2000,"14_b_1",75
"863","Finland","FIN",2001,"14_b_1",75
"864","Finland","FIN",2002,"14_b_1",75
"865","Finland","FIN",2003,"14_b_1",75
"866","Finland","FIN",2004,"14_b_1",75
"867","Finland","FIN",2005,"14_b_1",75
"868","Finland","FIN",2006,"14_b_1",75
"869","Finland","FIN",2007,"14_b_1",75
"870","Finland","FIN",2008,"14_b_1",75
"871","Finland","FIN",2009,"14_b_1",75
"872","Finland","FIN",2010,"14_b_1",75
"873","Finland","FIN",2011,"14_b_1",75
"874","Finland","FIN",2012,"14_b_1",75
"875","Finland","FIN",2013,"14_b_1",75
"876","Finland","FIN",2014,"14_b_1",75
"877","Finland","FIN",2015,"14_b_1",75
"878","Finland","FIN",2016,"14_b_1",75
"879","Finland","FIN",2017,"14_b_1",75
"880","Finland","FIN",2018,"14_b_1",75
"881","Finland","FIN",2019,"14_b_1",87.5
"882","Finland","FIN",2020,"14_b_1",100
"883","United Kingdom of Great Britain and Northern Ireland","GBR",2000,"14_1_1",66.9680924807573
"884","United Kingdom of Great Britain and Northern Ireland","GBR",2001,"14_1_1",67.1267758620735
"885","United Kingdom of Great Britain and Northern Ireland","GBR",2002,"14_1_1",65.8913123932548
"886","United Kingdom of Great Britain and Northern Ireland","GBR",2003,"14_1_1",64.5538381793042
"887","United Kingdom of Great Britain and Northern Ireland","GBR",2004,"14_1_1",64.2194696258166
"888","United Kingdom of Great Britain and Northern Ireland","GBR",2005,"14_1_1",66.9850942716126
"889","United Kingdom of Great Britain and Northern Ireland","GBR",2006,"14_1_1",67.1607794437841
"890","United Kingdom of Great Britain and Northern Ireland","GBR",2007,"14_1_1",66.520378654901
"891","United Kingdom of Great Britain and Northern Ireland","GBR",2008,"14_1_1",67.5574878970745
"892","United Kingdom of Great Britain and Northern Ireland","GBR",2009,"14_1_1",66.9000853173361
"893","United Kingdom of Great Britain and Northern Ireland","GBR",2010,"14_1_1",66.9397561626651
"894","United Kingdom of Great Britain and Northern Ireland","GBR",2011,"14_1_1",66.6110548727959
"895","United Kingdom of Great Britain and Northern Ireland","GBR",2012,"14_1_1",67.1664467074025
"896","United Kingdom of Great Britain and Northern Ireland","GBR",2013,"14_1_1",67.5631551606929
"897","United Kingdom of Great Britain and Northern Ireland","GBR",2014,"14_1_1",66.8830835264808
"898","United Kingdom of Great Britain and Northern Ireland","GBR",2015,"14_1_1",67.7218385420091
"899","United Kingdom of Great Britain and Northern Ireland","GBR",2016,"14_1_1",66.8766347321489
"900","United Kingdom of Great Britain and Northern Ireland","GBR",2017,"14_1_1",70.6678387183293
"901","United Kingdom of Great Britain and Northern Ireland","GBR",2018,"14_1_1",67.2029686108868
"902","United Kingdom of Great Britain and Northern Ireland","GBR",2019,"14_1_1",81.9094963343647
"903","United Kingdom of Great Britain and Northern Ireland","GBR",2020,"14_1_1",81.9094963343647
"904","United Kingdom of Great Britain and Northern Ireland","GBR",2000,"14_2_1",0
"905","United Kingdom of Great Britain and Northern Ireland","GBR",2001,"14_2_1",0
"906","United Kingdom of Great Britain and Northern Ireland","GBR",2002,"14_2_1",0
"907","United Kingdom of Great Britain and Northern Ireland","GBR",2003,"14_2_1",0
"908","United Kingdom of Great Britain and Northern Ireland","GBR",2004,"14_2_1",0
"909","United Kingdom of Great Britain and Northern Ireland","GBR",2005,"14_2_1",0
"910","United Kingdom of Great Britain and Northern Ireland","GBR",2006,"14_2_1",0
"911","United Kingdom of Great Britain and Northern Ireland","GBR",2007,"14_2_1",0
"912","United Kingdom of Great Britain and Northern Ireland","GBR",2008,"14_2_1",0
"913","United Kingdom of Great Britain and Northern Ireland","GBR",2009,"14_2_1",0
"914","United Kingdom of Great Britain and Northern Ireland","GBR",2010,"14_2_1",0
"915","United Kingdom of Great Britain and Northern Ireland","GBR",2011,"14_2_1",0
"916","United Kingdom of Great Britain and Northern Ireland","GBR",2012,"14_2_1",0
"917","United Kingdom of Great Britain and Northern Ireland","GBR",2013,"14_2_1",0
"918","United Kingdom of Great Britain and Northern Ireland","GBR",2014,"14_2_1",0
"919","United Kingdom of Great Britain and Northern Ireland","GBR",2015,"14_2_1",0
"920","United Kingdom of Great Britain and Northern Ireland","GBR",2016,"14_2_1",0
"921","United Kingdom of Great Britain and Northern Ireland","GBR",2017,"14_2_1",0
"922","United Kingdom of Great Britain and Northern Ireland","GBR",2018,"14_2_1",0
"923","United Kingdom of Great Britain and Northern Ireland","GBR",2019,"14_2_1",0
"924","United Kingdom of Great Britain and Northern Ireland","GBR",2020,"14_2_1",0
"925","United Kingdom of Great Britain and Northern Ireland","GBR",2000,"14_5_1",72.37099
"926","United Kingdom of Great Britain and Northern Ireland","GBR",2001,"14_5_1",73.00458
"927","United Kingdom of Great Britain and Northern Ireland","GBR",2002,"14_5_1",73.60766
"928","United Kingdom of Great Britain and Northern Ireland","GBR",2003,"14_5_1",73.76789
"929","United Kingdom of Great Britain and Northern Ireland","GBR",2004,"14_5_1",74.17689
"930","United Kingdom of Great Britain and Northern Ireland","GBR",2005,"14_5_1",75.35983
"931","United Kingdom of Great Britain and Northern Ireland","GBR",2006,"14_5_1",75.53467
"932","United Kingdom of Great Britain and Northern Ireland","GBR",2007,"14_5_1",75.70375
"933","United Kingdom of Great Britain and Northern Ireland","GBR",2008,"14_5_1",75.70417
"934","United Kingdom of Great Britain and Northern Ireland","GBR",2009,"14_5_1",76.16655
"935","United Kingdom of Great Britain and Northern Ireland","GBR",2010,"14_5_1",77.2224
"936","United Kingdom of Great Britain and Northern Ireland","GBR",2011,"14_5_1",77.36349
"937","United Kingdom of Great Britain and Northern Ireland","GBR",2012,"14_5_1",79.16301
"938","United Kingdom of Great Britain and Northern Ireland","GBR",2013,"14_5_1",79.17036
"939","United Kingdom of Great Britain and Northern Ireland","GBR",2014,"14_5_1",80.70118
"940","United Kingdom of Great Britain and Northern Ireland","GBR",2015,"14_5_1",80.70118
"941","United Kingdom of Great Britain and Northern Ireland","GBR",2016,"14_5_1",81.42688
"942","United Kingdom of Great Britain and Northern Ireland","GBR",2017,"14_5_1",81.89598
"943","United Kingdom of Great Britain and Northern Ireland","GBR",2018,"14_5_1",82.02862
"944","United Kingdom of Great Britain and Northern Ireland","GBR",2019,"14_5_1",82.02862
"945","United Kingdom of Great Britain and Northern Ireland","GBR",2020,"14_5_1",82.02862
"946","United Kingdom of Great Britain and Northern Ireland","GBR",2000,"14_6_1",100
"947","United Kingdom of Great Britain and Northern Ireland","GBR",2001,"14_6_1",100
"948","United Kingdom of Great Britain and Northern Ireland","GBR",2002,"14_6_1",100
"949","United Kingdom of Great Britain and Northern Ireland","GBR",2003,"14_6_1",100
"950","United Kingdom of Great Britain and Northern Ireland","GBR",2004,"14_6_1",100
"951","United Kingdom of Great Britain and Northern Ireland","GBR",2005,"14_6_1",100
"952","United Kingdom of Great Britain and Northern Ireland","GBR",2006,"14_6_1",100
"953","United Kingdom of Great Britain and Northern Ireland","GBR",2007,"14_6_1",100
"954","United Kingdom of Great Britain and Northern Ireland","GBR",2008,"14_6_1",100
"955","United Kingdom of Great Britain and Northern Ireland","GBR",2009,"14_6_1",100
"956","United Kingdom of Great Britain and Northern Ireland","GBR",2010,"14_6_1",100
"957","United Kingdom of Great Britain and Northern Ireland","GBR",2011,"14_6_1",100
"958","United Kingdom of Great Britain and Northern Ireland","GBR",2012,"14_6_1",100
"959","United Kingdom of Great Britain and Northern Ireland","GBR",2013,"14_6_1",100
"960","United Kingdom of Great Britain and Northern Ireland","GBR",2014,"14_6_1",100
"961","United Kingdom of Great Britain and Northern Ireland","GBR",2015,"14_6_1",100
"962","United Kingdom of Great Britain and Northern Ireland","GBR",2016,"14_6_1",100
"963","United Kingdom of Great Britain and Northern Ireland","GBR",2017,"14_6_1",100
"964","United Kingdom of Great Britain and Northern Ireland","GBR",2018,"14_6_1",100
"965","United Kingdom of Great Britain and Northern Ireland","GBR",2019,"14_6_1",87.5
"966","United Kingdom of Great Britain and Northern Ireland","GBR",2020,"14_6_1",75
"967","United Kingdom of Great Britain and Northern Ireland","GBR",2000,"14_7_1",0.210375696264262
"968","United Kingdom of Great Britain and Northern Ireland","GBR",2001,"14_7_1",0.210375696264262
"969","United Kingdom of Great Britain and Northern Ireland","GBR",2002,"14_7_1",0.210375696264262
"970","United Kingdom of Great Britain and Northern Ireland","GBR",2003,"14_7_1",0.210375696264262
"971","United Kingdom of Great Britain and Northern Ireland","GBR",2004,"14_7_1",0.210375696264262
"972","United Kingdom of Great Britain and Northern Ireland","GBR",2005,"14_7_1",0.210375696264262
"973","United Kingdom of Great Britain and Northern Ireland","GBR",2006,"14_7_1",0.210375696264262
"974","United Kingdom of Great Britain and Northern Ireland","GBR",2007,"14_7_1",0.210375696264262
"975","United Kingdom of Great Britain and Northern Ireland","GBR",2008,"14_7_1",0.210375696264262
"976","United Kingdom of Great Britain and Northern Ireland","GBR",2009,"14_7_1",0.210375696264262
"977","United Kingdom of Great Britain and Northern Ireland","GBR",2010,"14_7_1",0.210375696264262
"978","United Kingdom of Great Britain and Northern Ireland","GBR",2011,"14_7_1",0.210375696264262
"979","United Kingdom of Great Britain and Northern Ireland","GBR",2012,"14_7_1",0.191148440155465
"980","United Kingdom of Great Britain and Northern Ireland","GBR",2013,"14_7_1",0.172590546890895
"981","United Kingdom of Great Britain and Northern Ireland","GBR",2014,"14_7_1",0.154387037629943
"982","United Kingdom of Great Britain and Northern Ireland","GBR",2015,"14_7_1",0.137348873108002
"983","United Kingdom of Great Britain and Northern Ireland","GBR",2016,"14_7_1",0.143993972112692
"984","United Kingdom of Great Britain and Northern Ireland","GBR",2017,"14_7_1",0.150639071117383
"985","United Kingdom of Great Britain and Northern Ireland","GBR",2018,"14_7_1",0.144688302017436
"986","United Kingdom of Great Britain and Northern Ireland","GBR",2019,"14_7_1",0.12759686653246
"987","United Kingdom of Great Britain and Northern Ireland","GBR",2020,"14_7_1",0.12759686653246
"988","United Kingdom of Great Britain and Northern Ireland","GBR",2000,"14_a_1",8.42352790534205
"989","United Kingdom of Great Britain and Northern Ireland","GBR",2001,"14_a_1",8.42352790534205
"990","United Kingdom of Great Britain and Northern Ireland","GBR",2002,"14_a_1",8.42352790534205
"991","United Kingdom of Great Britain and Northern Ireland","GBR",2003,"14_a_1",8.42352790534205
"992","United Kingdom of Great Britain and Northern Ireland","GBR",2004,"14_a_1",8.42352790534205
"993","United Kingdom of Great Britain and Northern Ireland","GBR",2005,"14_a_1",8.42352790534205
"994","United Kingdom of Great Britain and Northern Ireland","GBR",2006,"14_a_1",8.42352790534205
"995","United Kingdom of Great Britain and Northern Ireland","GBR",2007,"14_a_1",8.42352790534205
"996","United Kingdom of Great Britain and Northern Ireland","GBR",2008,"14_a_1",8.42352790534205
"997","United Kingdom of Great Britain and Northern Ireland","GBR",2009,"14_a_1",8.42352790534205
"998","United Kingdom of Great Britain and Northern Ireland","GBR",2010,"14_a_1",8.42352790534205
"999","United Kingdom of Great Britain and Northern Ireland","GBR",2011,"14_a_1",8.42352790534205
"1000","United Kingdom of Great Britain and Northern Ireland","GBR",2012,"14_a_1",8.42352790534205
"1001","United Kingdom of Great Britain and Northern Ireland","GBR",2013,"14_a_1",8.42352790534205
"1002","United Kingdom of Great Britain and Northern Ireland","GBR",2014,"14_a_1",6.9684726922056
"1003","United Kingdom of Great Britain and Northern Ireland","GBR",2015,"14_a_1",6.11083175165493
"1004","United Kingdom of Great Britain and Northern Ireland","GBR",2016,"14_a_1",6.78400653034222
"1005","United Kingdom of Great Britain and Northern Ireland","GBR",2017,"14_a_1",7.69273246004234
"1006","United Kingdom of Great Britain and Northern Ireland","GBR",2018,"14_a_1",7.69273246004234
"1007","United Kingdom of Great Britain and Northern Ireland","GBR",2019,"14_a_1",7.69273246004234
"1008","United Kingdom of Great Britain and Northern Ireland","GBR",2020,"14_a_1",7.69273246004234
"1009","United Kingdom of Great Britain and Northern Ireland","GBR",2000,"14_b_1",75
"1010","United Kingdom of Great Britain and Northern Ireland","GBR",2001,"14_b_1",75
"1011","United Kingdom of Great Britain and Northern Ireland","GBR",2002,"14_b_1",75
"1012","United Kingdom of Great Britain and Northern Ireland","GBR",2003,"14_b_1",75
"1013","United Kingdom of Great Britain and Northern Ireland","GBR",2004,"14_b_1",75
"1014","United Kingdom of Great Britain and Northern Ireland","GBR",2005,"14_b_1",75
"1015","United Kingdom of Great Britain and Northern Ireland","GBR",2006,"14_b_1",75
"1016","United Kingdom of Great Britain and Northern Ireland","GBR",2007,"14_b_1",75
"1017","United Kingdom of Great Britain and Northern Ireland","GBR",2008,"14_b_1",75
"1018","United Kingdom of Great Britain and Northern Ireland","GBR",2009,"14_b_1",75
"1019","United Kingdom of Great Britain and Northern Ireland","GBR",2010,"14_b_1",75
"1020","United Kingdom of Great Britain and Northern Ireland","GBR",2011,"14_b_1",75
"1021","United Kingdom of Great Britain and Northern Ireland","GBR",2012,"14_b_1",75
"1022","United Kingdom of Great Britain and Northern Ireland","GBR",2013,"14_b_1",75
"1023","United Kingdom of Great Britain and Northern Ireland","GBR",2014,"14_b_1",75
"1024","United Kingdom of Great Britain and Northern Ireland","GBR",2015,"14_b_1",75
"1025","United Kingdom of Great Britain and Northern Ireland","GBR",2016,"14_b_1",75
"1026","United Kingdom of Great Britain and Northern Ireland","GBR",2017,"14_b_1",75
"1027","United Kingdom of Great Britain and Northern Ireland","GBR",2018,"14_b_1",75
"1028","United Kingdom of Great Britain and Northern Ireland","GBR",2019,"14_b_1",75
"1029","United Kingdom of Great Britain and Northern Ireland","GBR",2020,"14_b_1",75
"1030","Italy","ITA",2000,"14_1_1",59.501208561365
"1031","Italy","ITA",2001,"14_1_1",59.4502031887991
"1032","Italy","ITA",2002,"14_1_1",59.5805502520231
"1033","Italy","ITA",2003,"14_1_1",59.9432551236029
"1034","Italy","ITA",2004,"14_1_1",59.2291799076801
"1035","Italy","ITA",2005,"14_1_1",58.1297307657039
"1036","Italy","ITA",2006,"14_1_1",59.0024893629428
"1037","Italy","ITA",2007,"14_1_1",59.8412443784711
"1038","Italy","ITA",2008,"14_1_1",59.4728722432728
"1039","Italy","ITA",2009,"14_1_1",59.3481924436673
"1040","Italy","ITA",2010,"14_1_1",59.240514434917
"1041","Italy","ITA",2011,"14_1_1",59.6088865701152
"1042","Italy","ITA",2012,"14_1_1",59.7222318424839
"1043","Italy","ITA",2013,"14_1_1",57.205966795899
"1044","Italy","ITA",2014,"14_1_1",59.4672049796544
"1045","Italy","ITA",2015,"14_1_1",59.3878632889963
"1046","Italy","ITA",2016,"14_1_1",61.0295242935166
"1047","Italy","ITA",2017,"14_1_1",65.3278638157377
"1048","Italy","ITA",2018,"14_1_1",69.4962939852263
"1049","Italy","ITA",2019,"14_1_1",74.6003204345182
"1050","Italy","ITA",2020,"14_1_1",74.6003204345182
"1051","Italy","ITA",2000,"14_2_1",0
"1052","Italy","ITA",2001,"14_2_1",0
"1053","Italy","ITA",2002,"14_2_1",0
"1054","Italy","ITA",2003,"14_2_1",0
"1055","Italy","ITA",2004,"14_2_1",0
"1056","Italy","ITA",2005,"14_2_1",0
"1057","Italy","ITA",2006,"14_2_1",0
"1058","Italy","ITA",2007,"14_2_1",0
"1059","Italy","ITA",2008,"14_2_1",0
"1060","Italy","ITA",2009,"14_2_1",0
"1061","Italy","ITA",2010,"14_2_1",0
"1062","Italy","ITA",2011,"14_2_1",0
"1063","Italy","ITA",2012,"14_2_1",0
"1064","Italy","ITA",2013,"14_2_1",0
"1065","Italy","ITA",2014,"14_2_1",0
"1066","Italy","ITA",2015,"14_2_1",0
"1067","Italy","ITA",2016,"14_2_1",0
"1068","Italy","ITA",2017,"14_2_1",0
"1069","Italy","ITA",2018,"14_2_1",0
"1070","Italy","ITA",2019,"14_2_1",0
"1071","Italy","ITA",2020,"14_2_1",0
"1072","Italy","ITA",2000,"14_5_1",67.82529
"1073","Italy","ITA",2001,"14_5_1",69.75941
"1074","Italy","ITA",2002,"14_5_1",69.92827
"1075","Italy","ITA",2003,"14_5_1",70.04122
"1076","Italy","ITA",2004,"14_5_1",70.05492
"1077","Italy","ITA",2005,"14_5_1",74.30728
"1078","Italy","ITA",2006,"14_5_1",75.6093
"1079","Italy","ITA",2007,"14_5_1",75.93177
"1080","Italy","ITA",2008,"14_5_1",75.93178
"1081","Italy","ITA",2009,"14_5_1",77.14662
"1082","Italy","ITA",2010,"14_5_1",77.15887
"1083","Italy","ITA",2011,"14_5_1",77.159
"1084","Italy","ITA",2012,"14_5_1",77.15901
"1085","Italy","ITA",2013,"14_5_1",77.15904
"1086","Italy","ITA",2014,"14_5_1",77.15904
"1087","Italy","ITA",2015,"14_5_1",77.15904
"1088","Italy","ITA",2016,"14_5_1",77.1661
"1089","Italy","ITA",2017,"14_5_1",77.1685
"1090","Italy","ITA",2018,"14_5_1",77.1685
"1091","Italy","ITA",2019,"14_5_1",77.1685
"1092","Italy","ITA",2020,"14_5_1",77.1685
"1093","Italy","ITA",2000,"14_6_1",100
"1094","Italy","ITA",2001,"14_6_1",100
"1095","Italy","ITA",2002,"14_6_1",100
"1096","Italy","ITA",2003,"14_6_1",100
"1097","Italy","ITA",2004,"14_6_1",100
"1098","Italy","ITA",2005,"14_6_1",100
"1099","Italy","ITA",2006,"14_6_1",100
"1100","Italy","ITA",2007,"14_6_1",100
"1101","Italy","ITA",2008,"14_6_1",100
"1102","Italy","ITA",2009,"14_6_1",100
"1103","Italy","ITA",2010,"14_6_1",100
"1104","Italy","ITA",2011,"14_6_1",100
"1105","Italy","ITA",2012,"14_6_1",100
"1106","Italy","ITA",2013,"14_6_1",100
"1107","Italy","ITA",2014,"14_6_1",100
"1108","Italy","ITA",2015,"14_6_1",100
"1109","Italy","ITA",2016,"14_6_1",100
"1110","Italy","ITA",2017,"14_6_1",100
"1111","Italy","ITA",2018,"14_6_1",100
"1112","Italy","ITA",2019,"14_6_1",100
"1113","Italy","ITA",2020,"14_6_1",100
"1114","Italy","ITA",2000,"14_7_1",0.173766444134667
"1115","Italy","ITA",2001,"14_7_1",0.173766444134667
"1116","Italy","ITA",2002,"14_7_1",0.173766444134667
"1117","Italy","ITA",2003,"14_7_1",0.173766444134667
"1118","Italy","ITA",2004,"14_7_1",0.173766444134667
"1119","Italy","ITA",2005,"14_7_1",0.173766444134667
"1120","Italy","ITA",2006,"14_7_1",0.173766444134667
"1121","Italy","ITA",2007,"14_7_1",0.173766444134667
"1122","Italy","ITA",2008,"14_7_1",0.173766444134667
"1123","Italy","ITA",2009,"14_7_1",0.173766444134667
"1124","Italy","ITA",2010,"14_7_1",0.173766444134667
"1125","Italy","ITA",2011,"14_7_1",0.173766444134667
"1126","Italy","ITA",2012,"14_7_1",0.120765989026332
"1127","Italy","ITA",2013,"14_7_1",0.102199813535035
"1128","Italy","ITA",2014,"14_7_1",0.104695937316807
"1129","Italy","ITA",2015,"14_7_1",0.107192061098578
"1130","Italy","ITA",2016,"14_7_1",0.098288256962267
"1131","Italy","ITA",2017,"14_7_1",0.0893844528259559
"1132","Italy","ITA",2018,"14_7_1",0.0816149088300205
"1133","Italy","ITA",2019,"14_7_1",0.0745075410420702
"1134","Italy","ITA",2020,"14_7_1",0.0745075410420702
"1135","Italy","ITA",2000,"14_a_1",4.41702423936052
"1136","Italy","ITA",2001,"14_a_1",4.41702423936052
"1137","Italy","ITA",2002,"14_a_1",4.41702423936052
"1138","Italy","ITA",2003,"14_a_1",4.41702423936052
"1139","Italy","ITA",2004,"14_a_1",4.41702423936052
"1140","Italy","ITA",2005,"14_a_1",4.41702423936052
"1141","Italy","ITA",2006,"14_a_1",4.41702423936052
"1142","Italy","ITA",2007,"14_a_1",4.41702423936052
"1143","Italy","ITA",2008,"14_a_1",4.41702423936052
"1144","Italy","ITA",2009,"14_a_1",4.41702423936052
"1145","Italy","ITA",2010,"14_a_1",4.41702423936052
"1146","Italy","ITA",2011,"14_a_1",4.41702423936052
"1147","Italy","ITA",2012,"14_a_1",4.41702423936052
"1148","Italy","ITA",2013,"14_a_1",4.41702423936052
"1149","Italy","ITA",2014,"14_a_1",4.25589978272207
"1150","Italy","ITA",2015,"14_a_1",3.61313591141356
"1151","Italy","ITA",2016,"14_a_1",3.60313232346001
"1152","Italy","ITA",2017,"14_a_1",2.11033023844552
"1153","Italy","ITA",2018,"14_a_1",2.11033023844552
"1154","Italy","ITA",2019,"14_a_1",2.11033023844552
"1155","Italy","ITA",2020,"14_a_1",2.11033023844552
"1156","Italy","ITA",2000,"14_b_1",75
"1157","Italy","ITA",2001,"14_b_1",75
"1158","Italy","ITA",2002,"14_b_1",75
"1159","Italy","ITA",2003,"14_b_1",75
"1160","Italy","ITA",2004,"14_b_1",75
"1161","Italy","ITA",2005,"14_b_1",75
"1162","Italy","ITA",2006,"14_b_1",75
"1163","Italy","ITA",2007,"14_b_1",75
"1164","Italy","ITA",2008,"14_b_1",75
"1165","Italy","ITA",2009,"14_b_1",75
"1166","Italy","ITA",2010,"14_b_1",75
"1167","Italy","ITA",2011,"14_b_1",75
"1168","Italy","ITA",2012,"14_b_1",75
"1169","Italy","ITA",2013,"14_b_1",75
"1170","Italy","ITA",2014,"14_b_1",75
"1171","Italy","ITA",2015,"14_b_1",75
"1172","Italy","ITA",2016,"14_b_1",75
"1173","Italy","ITA",2017,"14_b_1",75
"1174","Italy","ITA",2018,"14_b_1",75
"1175","Italy","ITA",2019,"14_b_1",87.5
"1176","Italy","ITA",2020,"14_b_1",100
"1177","Netherlands","NLD",2000,"14_1_1",62.5130238200746
"1178","Netherlands","NLD",2001,"14_1_1",58.9369804768425
"1179","Netherlands","NLD",2002,"14_1_1",62.5130238200746
"1180","Netherlands","NLD",2003,"14_1_1",61.2435567695453
"1181","Netherlands","NLD",2004,"14_1_1",59.3846943026988
"1182","Netherlands","NLD",2005,"14_1_1",60.7901756800705
"1183","Netherlands","NLD",2006,"14_1_1",60.3084582725036
"1184","Netherlands","NLD",2007,"14_1_1",59.9287516100685
"1185","Netherlands","NLD",2008,"14_1_1",61.9406301946128
"1186","Netherlands","NLD",2009,"14_1_1",62.9550703823125
"1187","Netherlands","NLD",2010,"14_1_1",63.0854174455365
"1188","Netherlands","NLD",2011,"14_1_1",62.3203368570478
"1189","Netherlands","NLD",2012,"14_1_1",61.4589127870458
"1190","Netherlands","NLD",2013,"14_1_1",59.2996853484222
"1191","Netherlands","NLD",2014,"14_1_1",62.2353279027713
"1192","Netherlands","NLD",2015,"14_1_1",61.5439217413223
"1193","Netherlands","NLD",2016,"14_1_1",78.7606678183651
"1194","Netherlands","NLD",2017,"14_1_1",78.4683523433258
"1195","Netherlands","NLD",2018,"14_1_1",74.4787987671741
"1196","Netherlands","NLD",2019,"14_1_1",86.8952210376933
"1197","Netherlands","NLD",2020,"14_1_1",86.8952210376933
"1198","Netherlands","NLD",2000,"14_2_1",0
"1199","Netherlands","NLD",2001,"14_2_1",0
"1200","Netherlands","NLD",2002,"14_2_1",0
"1201","Netherlands","NLD",2003,"14_2_1",0
"1202","Netherlands","NLD",2004,"14_2_1",0
"1203","Netherlands","NLD",2005,"14_2_1",0
"1204","Netherlands","NLD",2006,"14_2_1",0
"1205","Netherlands","NLD",2007,"14_2_1",0
"1206","Netherlands","NLD",2008,"14_2_1",0
"1207","Netherlands","NLD",2009,"14_2_1",0
"1208","Netherlands","NLD",2010,"14_2_1",0
"1209","Netherlands","NLD",2011,"14_2_1",0
"1210","Netherlands","NLD",2012,"14_2_1",0
"1211","Netherlands","NLD",2013,"14_2_1",0
"1212","Netherlands","NLD",2014,"14_2_1",0
"1213","Netherlands","NLD",2015,"14_2_1",0
"1214","Netherlands","NLD",2016,"14_2_1",0
"1215","Netherlands","NLD",2017,"14_2_1",0
"1216","Netherlands","NLD",2018,"14_2_1",0
"1217","Netherlands","NLD",2019,"14_2_1",0
"1218","Netherlands","NLD",2020,"14_2_1",0
"1219","Netherlands","NLD",2000,"14_5_1",89.22787
"1220","Netherlands","NLD",2001,"14_5_1",89.22787
"1221","Netherlands","NLD",2002,"14_5_1",90.95567
"1222","Netherlands","NLD",2003,"14_5_1",90.95567
"1223","Netherlands","NLD",2004,"14_5_1",90.95567
"1224","Netherlands","NLD",2005,"14_5_1",92.87874
"1225","Netherlands","NLD",2006,"14_5_1",92.87874
"1226","Netherlands","NLD",2007,"14_5_1",92.87874
"1227","Netherlands","NLD",2008,"14_5_1",94.3583
"1228","Netherlands","NLD",2009,"14_5_1",94.35914
"1229","Netherlands","NLD",2010,"14_5_1",96.32632
"1230","Netherlands","NLD",2011,"14_5_1",96.32632
"1231","Netherlands","NLD",2012,"14_5_1",96.32632
"1232","Netherlands","NLD",2013,"14_5_1",96.32632
"1233","Netherlands","NLD",2014,"14_5_1",96.47783
"1234","Netherlands","NLD",2015,"14_5_1",96.47783
"1235","Netherlands","NLD",2016,"14_5_1",96.47783
"1236","Netherlands","NLD",2017,"14_5_1",96.49904
"1237","Netherlands","NLD",2018,"14_5_1",97.40023
"1238","Netherlands","NLD",2019,"14_5_1",97.40023
"1239","Netherlands","NLD",2020,"14_5_1",97.40023
"1240","Netherlands","NLD",2000,"14_6_1",100
"1241","Netherlands","NLD",2001,"14_6_1",100
"1242","Netherlands","NLD",2002,"14_6_1",100
"1243","Netherlands","NLD",2003,"14_6_1",100
"1244","Netherlands","NLD",2004,"14_6_1",100
"1245","Netherlands","NLD",2005,"14_6_1",100
"1246","Netherlands","NLD",2006,"14_6_1",100
"1247","Netherlands","NLD",2007,"14_6_1",100
"1248","Netherlands","NLD",2008,"14_6_1",100
"1249","Netherlands","NLD",2009,"14_6_1",100
"1250","Netherlands","NLD",2010,"14_6_1",100
"1251","Netherlands","NLD",2011,"14_6_1",100
"1252","Netherlands","NLD",2012,"14_6_1",100
"1253","Netherlands","NLD",2013,"14_6_1",100
"1254","Netherlands","NLD",2014,"14_6_1",100
"1255","Netherlands","NLD",2015,"14_6_1",100
"1256","Netherlands","NLD",2016,"14_6_1",100
"1257","Netherlands","NLD",2017,"14_6_1",100
"1258","Netherlands","NLD",2018,"14_6_1",100
"1259","Netherlands","NLD",2019,"14_6_1",100
"1260","Netherlands","NLD",2020,"14_6_1",100
"1261","Netherlands","NLD",2000,"14_7_1",0.224905322430137
"1262","Netherlands","NLD",2001,"14_7_1",0.224905322430137
"1263","Netherlands","NLD",2002,"14_7_1",0.224905322430137
"1264","Netherlands","NLD",2003,"14_7_1",0.224905322430137
"1265","Netherlands","NLD",2004,"14_7_1",0.224905322430137
"1266","Netherlands","NLD",2005,"14_7_1",0.224905322430137
"1267","Netherlands","NLD",2006,"14_7_1",0.224905322430137
"1268","Netherlands","NLD",2007,"14_7_1",0.224905322430137
"1269","Netherlands","NLD",2008,"14_7_1",0.224905322430137
"1270","Netherlands","NLD",2009,"14_7_1",0.224905322430137
"1271","Netherlands","NLD",2010,"14_7_1",0.224905322430137
"1272","Netherlands","NLD",2011,"14_7_1",0.224905322430137
"1273","Netherlands","NLD",2012,"14_7_1",0.1932298881452
"1274","Netherlands","NLD",2013,"14_7_1",0.184237718884702
"1275","Netherlands","NLD",2014,"14_7_1",0.194021137661015
"1276","Netherlands","NLD",2015,"14_7_1",0.207458704215649
"1277","Netherlands","NLD",2016,"14_7_1",0.226170566933656
"1278","Netherlands","NLD",2017,"14_7_1",0.244882429651662
"1279","Netherlands","NLD",2018,"14_7_1",0.235542937270806
"1280","Netherlands","NLD",2019,"14_7_1",0.207561236570691
"1281","Netherlands","NLD",2020,"14_7_1",0.207561236570691
"1282","Netherlands","NLD",2000,"14_a_1",2.84899517293536
"1283","Netherlands","NLD",2001,"14_a_1",2.84899517293536
"1284","Netherlands","NLD",2002,"14_a_1",2.84899517293536
"1285","Netherlands","NLD",2003,"14_a_1",2.84899517293536
"1286","Netherlands","NLD",2004,"14_a_1",2.84899517293536
"1287","Netherlands","NLD",2005,"14_a_1",2.84899517293536
"1288","Netherlands","NLD",2006,"14_a_1",2.84899517293536
"1289","Netherlands","NLD",2007,"14_a_1",2.84899517293536
"1290","Netherlands","NLD",2008,"14_a_1",2.84899517293536
"1291","Netherlands","NLD",2009,"14_a_1",2.84899517293536
"1292","Netherlands","NLD",2010,"14_a_1",2.84899517293536
"1293","Netherlands","NLD",2011,"14_a_1",2.84899517293536
"1294","Netherlands","NLD",2012,"14_a_1",2.84899517293536
"1295","Netherlands","NLD",2013,"14_a_1",2.84899517293536
"1296","Netherlands","NLD",2014,"14_a_1",2.67186497557124
"1297","Netherlands","NLD",2015,"14_a_1",2.2554489543583
"1298","Netherlands","NLD",2016,"14_a_1",2.35268382926676
"1299","Netherlands","NLD",2017,"14_a_1",2.65759319009085
"1300","Netherlands","NLD",2018,"14_a_1",2.65759319009085
"1301","Netherlands","NLD",2019,"14_a_1",2.65759319009085
"1302","Netherlands","NLD",2020,"14_a_1",2.65759319009085
"1303","Netherlands","NLD",2000,"14_b_1",75
"1304","Netherlands","NLD",2001,"14_b_1",75
"1305","Netherlands","NLD",2002,"14_b_1",75
"1306","Netherlands","NLD",2003,"14_b_1",75
"1307","Netherlands","NLD",2004,"14_b_1",75
"1308","Netherlands","NLD",2005,"14_b_1",75
"1309","Netherlands","NLD",2006,"14_b_1",75
"1310","Netherlands","NLD",2007,"14_b_1",75
"1311","Netherlands","NLD",2008,"14_b_1",75
"1312","Netherlands","NLD",2009,"14_b_1",75
"1313","Netherlands","NLD",2010,"14_b_1",75
"1314","Netherlands","NLD",2011,"14_b_1",75
"1315","Netherlands","NLD",2012,"14_b_1",75
"1316","Netherlands","NLD",2013,"14_b_1",75
"1317","Netherlands","NLD",2014,"14_b_1",75
"1318","Netherlands","NLD",2015,"14_b_1",75
"1319","Netherlands","NLD",2016,"14_b_1",75
"1320","Netherlands","NLD",2017,"14_b_1",75
"1321","Netherlands","NLD",2018,"14_b_1",75
"1322","Netherlands","NLD",2019,"14_b_1",81.25
"1323","Netherlands","NLD",2020,"14_b_1",87.5
"1324","Peru","PER",2000,"14_1_1",59.048995258081
"1325","Peru","PER",2001,"14_1_1",59.7290668922931
"1326","Peru","PER",2002,"14_1_1",57.6208448262355
"1327","Peru","PER",2003,"14_1_1",58.2385765606449
"1328","Peru","PER",2004,"14_1_1",54.3508337183988
"1329","Peru","PER",2005,"14_1_1",58.5842796413693
"1330","Peru","PER",2006,"14_1_1",60.6414963348611
"1331","Peru","PER",2007,"14_1_1",59.0943333670285
"1332","Peru","PER",2008,"14_1_1",61.1005446879543
"1333","Peru","PER",2009,"14_1_1",61.3442370235469
"1334","Peru","PER",2010,"14_1_1",60.0747699730176
"1335","Peru","PER",2011,"14_1_1",58.7599648135408
"1336","Peru","PER",2012,"14_1_1",60.3127950449919
"1337","Peru","PER",2013,"14_1_1",57.3601506997875
"1338","Peru","PER",2014,"14_1_1",58.7429630226855
"1339","Peru","PER",2015,"14_1_1",59.5930525654506
"1340","Peru","PER",2016,"14_1_1",58.9696535674229
"1341","Peru","PER",2017,"14_1_1",53.5785095789794
"1342","Peru","PER",2018,"14_1_1",58.7923857115746
"1343","Peru","PER",2019,"14_1_1",59.240099537431
"1344","Peru","PER",2020,"14_1_1",59.240099537431
"1345","Peru","PER",2000,"14_2_1",0
"1346","Peru","PER",2001,"14_2_1",0
"1347","Peru","PER",2002,"14_2_1",0
"1348","Peru","PER",2003,"14_2_1",0
"1349","Peru","PER",2004,"14_2_1",0
"1350","Peru","PER",2005,"14_2_1",0
"1351","Peru","PER",2006,"14_2_1",0
"1352","Peru","PER",2007,"14_2_1",0
"1353","Peru","PER",2008,"14_2_1",0
"1354","Peru","PER",2009,"14_2_1",0
"1355","Peru","PER",2010,"14_2_1",0
"1356","Peru","PER",2011,"14_2_1",0
"1357","Peru","PER",2012,"14_2_1",0
"1358","Peru","PER",2013,"14_2_1",0
"1359","Peru","PER",2014,"14_2_1",0
"1360","Peru","PER",2015,"14_2_1",0
"1361","Peru","PER",2016,"14_2_1",0
"1362","Peru","PER",2017,"14_2_1",0
"1363","Peru","PER",2018,"14_2_1",0
"1364","Peru","PER",2019,"14_2_1",0
"1365","Peru","PER",2020,"14_2_1",0
"1366","Peru","PER",2000,"14_5_1",17.70367
"1367","Peru","PER",2001,"14_5_1",17.70367
"1368","Peru","PER",2002,"14_5_1",17.70367
"1369","Peru","PER",2003,"14_5_1",17.70367
"1370","Peru","PER",2004,"14_5_1",17.70367
"1371","Peru","PER",2005,"14_5_1",17.70367
"1372","Peru","PER",2006,"14_5_1",17.70367
"1373","Peru","PER",2007,"14_5_1",17.70367
"1374","Peru","PER",2008,"14_5_1",21.02434
"1375","Peru","PER",2009,"14_5_1",51.64218
"1376","Peru","PER",2010,"14_5_1",51.64218
"1377","Peru","PER",2011,"14_5_1",51.64218
"1378","Peru","PER",2012,"14_5_1",51.64218
"1379","Peru","PER",2013,"14_5_1",51.64218
"1380","Peru","PER",2014,"14_5_1",51.64218
"1381","Peru","PER",2015,"14_5_1",51.64218
"1382","Peru","PER",2016,"14_5_1",51.64218
"1383","Peru","PER",2017,"14_5_1",51.64218
"1384","Peru","PER",2018,"14_5_1",51.64218
"1385","Peru","PER",2019,"14_5_1",51.64218
"1386","Peru","PER",2020,"14_5_1",51.64218
"1387","Peru","PER",2000,"14_6_1",50
"1388","Peru","PER",2001,"14_6_1",50
"1389","Peru","PER",2002,"14_6_1",50
"1390","Peru","PER",2003,"14_6_1",50
"1391","Peru","PER",2004,"14_6_1",50
"1392","Peru","PER",2005,"14_6_1",50
"1393","Peru","PER",2006,"14_6_1",50
"1394","Peru","PER",2007,"14_6_1",50
"1395","Peru","PER",2008,"14_6_1",50
"1396","Peru","PER",2009,"14_6_1",50
"1397","Peru","PER",2010,"14_6_1",50
"1398","Peru","PER",2011,"14_6_1",50
"1399","Peru","PER",2012,"14_6_1",50
"1400","Peru","PER",2013,"14_6_1",50
"1401","Peru","PER",2014,"14_6_1",50
"1402","Peru","PER",2015,"14_6_1",50
"1403","Peru","PER",2016,"14_6_1",50
"1404","Peru","PER",2017,"14_6_1",50
"1405","Peru","PER",2018,"14_6_1",50
"1406","Peru","PER",2019,"14_6_1",62.5
"1407","Peru","PER",2020,"14_6_1",75
"1408","Peru","PER",2000,"14_7_1",4.14073529696934
"1409","Peru","PER",2001,"14_7_1",4.14073529696934
"1410","Peru","PER",2002,"14_7_1",4.14073529696934
"1411","Peru","PER",2003,"14_7_1",4.14073529696934
"1412","Peru","PER",2004,"14_7_1",4.14073529696934
"1413","Peru","PER",2005,"14_7_1",4.14073529696934
"1414","Peru","PER",2006,"14_7_1",4.14073529696934
"1415","Peru","PER",2007,"14_7_1",4.14073529696934
"1416","Peru","PER",2008,"14_7_1",4.14073529696934
"1417","Peru","PER",2009,"14_7_1",4.14073529696934
"1418","Peru","PER",2010,"14_7_1",4.14073529696934
"1419","Peru","PER",2011,"14_7_1",4.14073529696934
"1420","Peru","PER",2012,"14_7_1",3.54001735805173
"1421","Peru","PER",2013,"14_7_1",2.95914438199968
"1422","Peru","PER",2014,"14_7_1",2.38886113064273
"1423","Peru","PER",2015,"14_7_1",1.85323948615781
"1424","Peru","PER",2016,"14_7_1",1.89864928618413
"1425","Peru","PER",2017,"14_7_1",1.94405908621044
"1426","Peru","PER",2018,"14_7_1",1.77451426387154
"1427","Peru","PER",2019,"14_7_1",1.4156630548638
"1428","Peru","PER",2020,"14_7_1",1.4156630548638
"1429","Peru","PER",2000,"14_a_1",100
"1430","Peru","PER",2001,"14_a_1",100
"1431","Peru","PER",2002,"14_a_1",100
"1432","Peru","PER",2003,"14_a_1",100
"1433","Peru","PER",2004,"14_a_1",100
"1434","Peru","PER",2005,"14_a_1",100
"1435","Peru","PER",2006,"14_a_1",100
"1436","Peru","PER",2007,"14_a_1",100
"1437","Peru","PER",2008,"14_a_1",100
"1438","Peru","PER",2009,"14_a_1",100
"1439","Peru","PER",2010,"14_a_1",100
"1440","Peru","PER",2011,"14_a_1",100
"1441","Peru","PER",2012,"14_a_1",100
"1442","Peru","PER",2013,"14_a_1",100
"1443","Peru","PER",2014,"14_a_1",100
"1444","Peru","PER",2015,"14_a_1",90.0625424318856
"1445","Peru","PER",2016,"14_a_1",77.0780186493556
"1446","Peru","PER",2017,"14_a_1",77.0780186493556
"1447","Peru","PER",2018,"14_a_1",77.0780186493556
"1448","Peru","PER",2019,"14_a_1",77.0780186493556
"1449","Peru","PER",2020,"14_a_1",77.0780186493556
"1450","Peru","PER",2000,"14_b_1",100
"1451","Peru","PER",2001,"14_b_1",100
"1452","Peru","PER",2002,"14_b_1",100
"1453","Peru","PER",2003,"14_b_1",100
"1454","Peru","PER",2004,"14_b_1",100
"1455","Peru","PER",2005,"14_b_1",100
"1456","Peru","PER",2006,"14_b_1",100
"1457","Peru","PER",2007,"14_b_1",100
"1458","Peru","PER",2008,"14_b_1",100
"1459","Peru","PER",2009,"14_b_1",100
"1460","Peru","PER",2010,"14_b_1",100
"1461","Peru","PER",2011,"14_b_1",100
"1462","Peru","PER",2012,"14_b_1",100
"1463","Peru","PER",2013,"14_b_1",100
"1464","Peru","PER",2014,"14_b_1",100
"1465","Peru","PER",2015,"14_b_1",100
"1466","Peru","PER",2016,"14_b_1",100
"1467","Peru","PER",2017,"14_b_1",100
"1468","Peru","PER",2018,"14_b_1",100
"1469","Peru","PER",2019,"14_b_1",100
"1470","Peru","PER",2020,"14_b_1",100
"1471","Poland","POL",2000,"14_1_1",68.8654147868805
"1472","Poland","POL",2001,"14_1_1",64.9946737354898
"1473","Poland","POL",2002,"14_1_1",68.1060014620103
"1474","Poland","POL",2003,"14_1_1",68.1003341983918
"1475","Poland","POL",2004,"14_1_1",67.2162410739161
"1476","Poland","POL",2005,"14_1_1",64.3939437919357
"1477","Poland","POL",2006,"14_1_1",66.2698080496375
"1478","Poland","POL",2007,"14_1_1",66.1054574047029
"1479","Poland","POL",2008,"14_1_1",54.7935992223077
"1480","Poland","POL",2009,"14_1_1",66.1451282500319
"1481","Poland","POL",2010,"14_1_1",67.7602983812858
"1482","Poland","POL",2011,"14_1_1",66.7175218754938
"1483","Poland","POL",2012,"14_1_1",68.8597475232621
"1484","Poland","POL",2013,"14_1_1",67.6016149999696
"1485","Poland","POL",2014,"14_1_1",68.9844273228676
"1486","Poland","POL",2015,"14_1_1",67.4089280369429
"1487","Poland","POL",2016,"14_1_1",66.7855290389151
"1488","Poland","POL",2017,"14_1_1",72.9252297343682
"1489","Poland","POL",2018,"14_1_1",63.945143702186
"1490","Poland","POL",2019,"14_1_1",67.9972371893667
"1491","Poland","POL",2020,"14_1_1",67.9972371893667
"1492","Poland","POL",2000,"14_2_1",0
"1493","Poland","POL",2001,"14_2_1",0
"1494","Poland","POL",2002,"14_2_1",0
"1495","Poland","POL",2003,"14_2_1",0
"1496","Poland","POL",2004,"14_2_1",0
"1497","Poland","POL",2005,"14_2_1",0
"1498","Poland","POL",2006,"14_2_1",0
"1499","Poland","POL",2007,"14_2_1",0
"1500","Poland","POL",2008,"14_2_1",0
"1501","Poland","POL",2009,"14_2_1",0
"1502","Poland","POL",2010,"14_2_1",0
"1503","Poland","POL",2011,"14_2_1",0
"1504","Poland","POL",2012,"14_2_1",0
"1505","Poland","POL",2013,"14_2_1",0
"1506","Poland","POL",2014,"14_2_1",0
"1507","Poland","POL",2015,"14_2_1",0
"1508","Poland","POL",2016,"14_2_1",0
"1509","Poland","POL",2017,"14_2_1",0
"1510","Poland","POL",2018,"14_2_1",0
"1511","Poland","POL",2019,"14_2_1",0
"1512","Poland","POL",2020,"14_2_1",0
"1513","Poland","POL",2000,"14_5_1",28.43713
"1514","Poland","POL",2001,"14_5_1",28.48477
"1515","Poland","POL",2002,"14_5_1",28.48477
"1516","Poland","POL",2003,"14_5_1",28.49302
"1517","Poland","POL",2004,"14_5_1",84.05295
"1518","Poland","POL",2005,"14_5_1",84.05349
"1519","Poland","POL",2006,"14_5_1",84.0782
"1520","Poland","POL",2007,"14_5_1",89.47257
"1521","Poland","POL",2008,"14_5_1",89.47257
"1522","Poland","POL",2009,"14_5_1",89.48647
"1523","Poland","POL",2010,"14_5_1",89.48647
"1524","Poland","POL",2011,"14_5_1",89.48647
"1525","Poland","POL",2012,"14_5_1",89.48647
"1526","Poland","POL",2013,"14_5_1",89.48647
"1527","Poland","POL",2014,"14_5_1",89.48647
"1528","Poland","POL",2015,"14_5_1",89.48647
"1529","Poland","POL",2016,"14_5_1",89.48647
"1530","Poland","POL",2017,"14_5_1",89.48647
"1531","Poland","POL",2018,"14_5_1",89.51368
"1532","Poland","POL",2019,"14_5_1",89.51368
"1533","Poland","POL",2020,"14_5_1",89.51368
"1534","Poland","POL",2000,"14_6_1",100
"1535","Poland","POL",2001,"14_6_1",100
"1536","Poland","POL",2002,"14_6_1",100
"1537","Poland","POL",2003,"14_6_1",100
"1538","Poland","POL",2004,"14_6_1",100
"1539","Poland","POL",2005,"14_6_1",100
"1540","Poland","POL",2006,"14_6_1",100
"1541","Poland","POL",2007,"14_6_1",100
"1542","Poland","POL",2008,"14_6_1",100
"1543","Poland","POL",2009,"14_6_1",100
"1544","Poland","POL",2010,"14_6_1",100
"1545","Poland","POL",2011,"14_6_1",100
"1546","Poland","POL",2012,"14_6_1",100
"1547","Poland","POL",2013,"14_6_1",100
"1548","Poland","POL",2014,"14_6_1",100
"1549","Poland","POL",2015,"14_6_1",100
"1550","Poland","POL",2016,"14_6_1",100
"1551","Poland","POL",2017,"14_6_1",100
"1552","Poland","POL",2018,"14_6_1",100
"1553","Poland","POL",2019,"14_6_1",100
"1554","Poland","POL",2020,"14_6_1",100
"1555","Poland","POL",2000,"14_7_1",0.0609136177670124
"1556","Poland","POL",2001,"14_7_1",0.0609136177670124
"1557","Poland","POL",2002,"14_7_1",0.0609136177670124
"1558","Poland","POL",2003,"14_7_1",0.0609136177670124
"1559","Poland","POL",2004,"14_7_1",0.0609136177670124
"1560","Poland","POL",2005,"14_7_1",0.0609136177670124
"1561","Poland","POL",2006,"14_7_1",0.0609136177670124
"1562","Poland","POL",2007,"14_7_1",0.0609136177670124
"1563","Poland","POL",2008,"14_7_1",0.0609136177670124
"1564","Poland","POL",2009,"14_7_1",0.0609136177670124
"1565","Poland","POL",2010,"14_7_1",0.0609136177670124
"1566","Poland","POL",2011,"14_7_1",0.0609136177670124
"1567","Poland","POL",2012,"14_7_1",0.0626867795218764
"1568","Poland","POL",2013,"14_7_1",0.0652608919096666
"1569","Poland","POL",2014,"14_7_1",0.0731803786032201
"1570","Poland","POL",2015,"14_7_1",0.0810998652967736
"1571","Poland","POL",2016,"14_7_1",0.0844965503386872
"1572","Poland","POL",2017,"14_7_1",0.0866264389769954
"1573","Poland","POL",2018,"14_7_1",0.0817526323873856
"1574","Poland","POL",2019,"14_7_1",0.064958658288721
"1575","Poland","POL",2020,"14_7_1",0.064958658288721
"1576","Poland","POL",2000,"14_a_1",1.82009280661997
"1577","Poland","POL",2001,"14_a_1",1.82009280661997
"1578","Poland","POL",2002,"14_a_1",1.82009280661997
"1579","Poland","POL",2003,"14_a_1",1.82009280661997
"1580","Poland","POL",2004,"14_a_1",1.82009280661997
"1581","Poland","POL",2005,"14_a_1",1.82009280661997
"1582","Poland","POL",2006,"14_a_1",1.82009280661997
"1583","Poland","POL",2007,"14_a_1",1.82009280661997
"1584","Poland","POL",2008,"14_a_1",1.82009280661997
"1585","Poland","POL",2009,"14_a_1",1.82009280661997
"1586","Poland","POL",2010,"14_a_1",1.82009280661997
"1587","Poland","POL",2011,"14_a_1",1.82009280661997
"1588","Poland","POL",2012,"14_a_1",1.82009280661997
"1589","Poland","POL",2013,"14_a_1",1.82009280661997
"1590","Poland","POL",2014,"14_a_1",1.9580089392062
"1591","Poland","POL",2015,"14_a_1",1.14678464675997
"1592","Poland","POL",2016,"14_a_1",1.11797431345376
"1593","Poland","POL",2017,"14_a_1",1.06208760208662
"1594","Poland","POL",2018,"14_a_1",1.06208760208662
"1595","Poland","POL",2019,"14_a_1",1.06208760208662
"1596","Poland","POL",2020,"14_a_1",1.06208760208662
"1597","Poland","POL",2000,"14_b_1",75
"1598","Poland","POL",2001,"14_b_1",75
"1599","Poland","POL",2002,"14_b_1",75
"1600","Poland","POL",2003,"14_b_1",75
"1601","Poland","POL",2004,"14_b_1",75
"1602","Poland","POL",2005,"14_b_1",75
"1603","Poland","POL",2006,"14_b_1",75
"1604","Poland","POL",2007,"14_b_1",75
"1605","Poland","POL",2008,"14_b_1",75
"1606","Poland","POL",2009,"14_b_1",75
"1607","Poland","POL",2010,"14_b_1",75
"1608","Poland","POL",2011,"14_b_1",75
"1609","Poland","POL",2012,"14_b_1",75
"1610","Poland","POL",2013,"14_b_1",75
"1611","Poland","POL",2014,"14_b_1",75
"1612","Poland","POL",2015,"14_b_1",75
"1613","Poland","POL",2016,"14_b_1",75
"1614","Poland","POL",2017,"14_b_1",75
"1615","Poland","POL",2018,"14_b_1",75
"1616","Poland","POL",2019,"14_b_1",81.25
"1617","Poland","POL",2020,"14_b_1",87.5
"1618","Portugal","PRT",2000,"14_1_1",63.7125369679101
"1619","Portugal","PRT",2001,"14_1_1",63.1174742879745
"1620","Portugal","PRT",2002,"14_1_1",61.4626333113916
"1621","Portugal","PRT",2003,"14_1_1",63.6671988589626
"1622","Portugal","PRT",2004,"14_1_1",60.9469123221141
"1623","Portugal","PRT",2005,"14_1_1",59.4620892540842
"1624","Portugal","PRT",2006,"14_1_1",62.7717712072499
"1625","Portugal","PRT",2007,"14_1_1",63.2874921965275
"1626","Portugal","PRT",2008,"14_1_1",63.672866122581
"1627","Portugal","PRT",2009,"14_1_1",58.5836633932269
"1628","Portugal","PRT",2010,"14_1_1",63.6785333861995
"1629","Portugal","PRT",2011,"14_1_1",63.3668338871856
"1630","Portugal","PRT",2012,"14_1_1",63.0267980700795
"1631","Portugal","PRT",2013,"14_1_1",62.5734169806047
"1632","Portugal","PRT",2014,"14_1_1",62.3127228541568
"1633","Portugal","PRT",2015,"14_1_1",61.519305947576
"1634","Portugal","PRT",2016,"14_1_1",66.9258140509658
"1635","Portugal","PRT",2017,"14_1_1",72.8614279141973
"1636","Portugal","PRT",2018,"14_1_1",65.2969593568378
"1637","Portugal","PRT",2019,"14_1_1",75.3252782023729
"1638","Portugal","PRT",2020,"14_1_1",85.9662577507864
"1639","Portugal","PRT",2000,"14_2_1",0
"1640","Portugal","PRT",2001,"14_2_1",0
"1641","Portugal","PRT",2002,"14_2_1",0
"1642","Portugal","PRT",2003,"14_2_1",0
"1643","Portugal","PRT",2004,"14_2_1",0
"1644","Portugal","PRT",2005,"14_2_1",0
"1645","Portugal","PRT",2006,"14_2_1",0
"1646","Portugal","PRT",2007,"14_2_1",0
"1647","Portugal","PRT",2008,"14_2_1",0
"1648","Portugal","PRT",2009,"14_2_1",0
"1649","Portugal","PRT",2010,"14_2_1",0
"1650","Portugal","PRT",2011,"14_2_1",0
"1651","Portugal","PRT",2012,"14_2_1",0
"1652","Portugal","PRT",2013,"14_2_1",0
"1653","Portugal","PRT",2014,"14_2_1",0
"1654","Portugal","PRT",2015,"14_2_1",0
"1655","Portugal","PRT",2016,"14_2_1",0
"1656","Portugal","PRT",2017,"14_2_1",0
"1657","Portugal","PRT",2018,"14_2_1",0
"1658","Portugal","PRT",2019,"14_2_1",0
"1659","Portugal","PRT",2020,"14_2_1",0
"1660","Portugal","PRT",2000,"14_5_1",41.47144
"1661","Portugal","PRT",2001,"14_5_1",41.47144
"1662","Portugal","PRT",2002,"14_5_1",41.47144
"1663","Portugal","PRT",2003,"14_5_1",41.47144
"1664","Portugal","PRT",2004,"14_5_1",42.95819
"1665","Portugal","PRT",2005,"14_5_1",45.96231
"1666","Portugal","PRT",2006,"14_5_1",46.53283
"1667","Portugal","PRT",2007,"14_5_1",46.53296
"1668","Portugal","PRT",2008,"14_5_1",56.23889
"1669","Portugal","PRT",2009,"14_5_1",56.23889
"1670","Portugal","PRT",2010,"14_5_1",56.23889
"1671","Portugal","PRT",2011,"14_5_1",62.38829
"1672","Portugal","PRT",2012,"14_5_1",62.38835
"1673","Portugal","PRT",2013,"14_5_1",62.38835
"1674","Portugal","PRT",2014,"14_5_1",62.38985
"1675","Portugal","PRT",2015,"14_5_1",65.19943
"1676","Portugal","PRT",2016,"14_5_1",65.32093
"1677","Portugal","PRT",2017,"14_5_1",65.32093
"1678","Portugal","PRT",2018,"14_5_1",65.53717
"1679","Portugal","PRT",2019,"14_5_1",65.53717
"1680","Portugal","PRT",2020,"14_5_1",65.53717
"1681","Portugal","PRT",2000,"14_6_1",100
"1682","Portugal","PRT",2001,"14_6_1",100
"1683","Portugal","PRT",2002,"14_6_1",100
"1684","Portugal","PRT",2003,"14_6_1",100
"1685","Portugal","PRT",2004,"14_6_1",100
"1686","Portugal","PRT",2005,"14_6_1",100
"1687","Portugal","PRT",2006,"14_6_1",100
"1688","Portugal","PRT",2007,"14_6_1",100
"1689","Portugal","PRT",2008,"14_6_1",100
"1690","Portugal","PRT",2009,"14_6_1",100
"1691","Portugal","PRT",2010,"14_6_1",100
"1692","Portugal","PRT",2011,"14_6_1",100
"1693","Portugal","PRT",2012,"14_6_1",100
"1694","Portugal","PRT",2013,"14_6_1",100
"1695","Portugal","PRT",2014,"14_6_1",100
"1696","Portugal","PRT",2015,"14_6_1",100
"1697","Portugal","PRT",2016,"14_6_1",100
"1698","Portugal","PRT",2017,"14_6_1",100
"1699","Portugal","PRT",2018,"14_6_1",100
"1700","Portugal","PRT",2019,"14_6_1",100
"1701","Portugal","PRT",2020,"14_6_1",100
"1702","Portugal","PRT",2000,"14_7_1",1.04171824578447
"1703","Portugal","PRT",2001,"14_7_1",1.04171824578447
"1704","Portugal","PRT",2002,"14_7_1",1.04171824578447
"1705","Portugal","PRT",2003,"14_7_1",1.04171824578447
"1706","Portugal","PRT",2004,"14_7_1",1.04171824578447
"1707","Portugal","PRT",2005,"14_7_1",1.04171824578447
"1708","Portugal","PRT",2006,"14_7_1",1.04171824578447
"1709","Portugal","PRT",2007,"14_7_1",1.04171824578447
"1710","Portugal","PRT",2008,"14_7_1",1.04171824578447
"1711","Portugal","PRT",2009,"14_7_1",1.04171824578447
"1712","Portugal","PRT",2010,"14_7_1",1.04171824578447
"1713","Portugal","PRT",2011,"14_7_1",1.04171824578447
"1714","Portugal","PRT",2012,"14_7_1",1.02266012159171
"1715","Portugal","PRT",2013,"14_7_1",0.996883651495016
"1716","Portugal","PRT",2014,"14_7_1",0.921374002048728
"1717","Portugal","PRT",2015,"14_7_1",0.84586435260244
"1718","Portugal","PRT",2016,"14_7_1",0.906735667126353
"1719","Portugal","PRT",2017,"14_7_1",0.967606981650266
"1720","Portugal","PRT",2018,"14_7_1",0.961935903253832
"1721","Portugal","PRT",2019,"14_7_1",0.946053205555859
"1722","Portugal","PRT",2020,"14_7_1",0.946053205555859
"1723","Portugal","PRT",2000,"14_a_1",28.9367519817108
"1724","Portugal","PRT",2001,"14_a_1",28.9367519817108
"1725","Portugal","PRT",2002,"14_a_1",28.9367519817108
"1726","Portugal","PRT",2003,"14_a_1",28.9367519817108
"1727","Portugal","PRT",2004,"14_a_1",28.9367519817108
"1728","Portugal","PRT",2005,"14_a_1",28.9367519817108
"1729","Portugal","PRT",2006,"14_a_1",28.9367519817108
"1730","Portugal","PRT",2007,"14_a_1",28.9367519817108
"1731","Portugal","PRT",2008,"14_a_1",28.9367519817108
"1732","Portugal","PRT",2009,"14_a_1",28.9367519817108
"1733","Portugal","PRT",2010,"14_a_1",28.9367519817108
"1734","Portugal","PRT",2011,"14_a_1",28.9367519817108
"1735","Portugal","PRT",2012,"14_a_1",28.9367519817108
"1736","Portugal","PRT",2013,"14_a_1",28.9367519817108
"1737","Portugal","PRT",2014,"14_a_1",28.9367519817108
"1738","Portugal","PRT",2015,"14_a_1",32.9645966353265
"1739","Portugal","PRT",2016,"14_a_1",31.4507203250232
"1740","Portugal","PRT",2017,"14_a_1",31.4507203250232
"1741","Portugal","PRT",2018,"14_a_1",31.4507203250232
"1742","Portugal","PRT",2019,"14_a_1",31.4507203250232
"1743","Portugal","PRT",2020,"14_a_1",31.4507203250232
"1744","Portugal","PRT",2000,"14_b_1",75
"1745","Portugal","PRT",2001,"14_b_1",75
"1746","Portugal","PRT",2002,"14_b_1",75
"1747","Portugal","PRT",2003,"14_b_1",75
"1748","Portugal","PRT",2004,"14_b_1",75
"1749","Portugal","PRT",2005,"14_b_1",75
"1750","Portugal","PRT",2006,"14_b_1",75
"1751","Portugal","PRT",2007,"14_b_1",75
"1752","Portugal","PRT",2008,"14_b_1",75
"1753","Portugal","PRT",2009,"14_b_1",75
"1754","Portugal","PRT",2010,"14_b_1",75
"1755","Portugal","PRT",2011,"14_b_1",75
"1756","Portugal","PRT",2012,"14_b_1",75
"1757","Portugal","PRT",2013,"14_b_1",75
"1758","Portugal","PRT",2014,"14_b_1",75
"1759","Portugal","PRT",2015,"14_b_1",75
"1760","Portugal","PRT",2016,"14_b_1",75
"1761","Portugal","PRT",2017,"14_b_1",75
"1762","Portugal","PRT",2018,"14_b_1",75
"1763","Portugal","PRT",2019,"14_b_1",81.25
"1764","Portugal","PRT",2020,"14_b_1",87.5
